track_id,track_name,album_id,album_name,album_type,release_date,all_track_artist_names,sample_artist_names,n_sample_artists_on_track,track_url
0GCLeBjZ5zbJYRaD2i8Ta4,Audiostalker,7qwKXu7ddq2wAIeyZFeQLd,Dreamflasher,single,2025-09-12,Jane Remover; Lucy Bedroque,Jane Remover; Lucy Bedroque,2,https://open.spotify.com/track/0GCLeBjZ5zbJYRaD2i8Ta4
3jC2Ic2TzkF9MA7C3y6SDi,Uncanny long arms (with Jane Remover),0mQPq9INcTC48siErksOrl,Wallsocket,album,2023-09-22,underscores; Jane Remover,underscores; Jane Remover,2,https://open.spotify.com/track/3jC2Ic2TzkF9MA7C3y6SDi
3TgRUKSa9xQna3x0mSFwuz,Uncanny long arms (with Jane Remover),2mrk587YCQnJhjZnCCznIv,Wallsocket (Director's Cut),album,2024-06-28,underscores; Jane Remover,underscores; Jane Remover,2,https://open.spotify.com/track/3TgRUKSa9xQna3x0mSFwuz
3YQoG8Ey0eYsLS9yAmeHK1,"It's You - underscores' ""It’s U"" Remix",68KwMNXlguxjAnGkNaEMaX,"It's You (underscores' ""It’s U"" Remix)",single,2026-02-18,Ninajirachi; daine; underscores,daine; underscores,2,https://open.spotify.com/track/3YQoG8Ey0eYsLS9yAmeHK1
5ek4K8m5TSblOvUrpb2T68,harvest sky - Danny L Harle C Mix,4anklMobedKj0x9nIhJT8Y,harvest sky (remixes),single,2024-12-18,Oklou; underscores; Danny L Harle,Oklou; underscores,2,https://open.spotify.com/track/5ek4K8m5TSblOvUrpb2T68
2SkjhZH2wnTLT7ofpo3ZlZ,harvest sky - Milkfish Remix,4anklMobedKj0x9nIhJT8Y,harvest sky (remixes),single,2024-12-18,Oklou; underscores; MILKFISH,Oklou; underscores,2,https://open.spotify.com/track/2SkjhZH2wnTLT7ofpo3ZlZ
2rKCLi8RVhVljb5Sh7sGsm,harvest sky,4anklMobedKj0x9nIhJT8Y,harvest sky (remixes),single,2024-12-18,Oklou; underscores,Oklou; underscores,2,https://open.spotify.com/track/2rKCLi8RVhVljb5Sh7sGsm
3uvnclqcWCFK7z02UIYkNH,harvest sky - Milkfish Remix,3S71YSnyVMlW9T6D4b4Mhh,harvest sky (Milkfish Remix),single,2024-12-17,Oklou; underscores; MILKFISH,Oklou; underscores,2,https://open.spotify.com/track/3uvnclqcWCFK7z02UIYkNH
5vt66cgX15qtCysaaCdoX0,harvest sky - Danny L Harle C Mix,1AdKiZbegYfgwfyFk9rNc1,harvest sky (Danny L Harle C Mix),single,2024-12-17,Oklou; underscores; Danny L Harle,Oklou; underscores,2,https://open.spotify.com/track/5vt66cgX15qtCysaaCdoX0
7JeKcEaXO31yqjtN3ymUcE,harvest sky,7JFVnYkvBSZutUnSGsKxyh,harvest sky,single,2024-10-16,Oklou; underscores,Oklou; underscores,2,https://open.spotify.com/track/7JeKcEaXO31yqjtN3ymUcE
1oo8xwvtRep4Frhrpte5Eg,take me by the hand,4TQqRcEliluExEwsmWVenF,choke enough,album,2025-02-07,Oklou; Bladee,Oklou; Bladee,2,https://open.spotify.com/track/1oo8xwvtRep4Frhrpte5Eg
3M8bJdRfYj1S5iKZIgwAnH,harvest sky,4TQqRcEliluExEwsmWVenF,choke enough,album,2025-02-07,Oklou; underscores,Oklou; underscores,2,https://open.spotify.com/track/3M8bJdRfYj1S5iKZIgwAnH
44bXaII5bLypYmhVGoZjon,take me by the hand,1TaVbSLBnUQwfcld3tDAUI,choke enough (Deluxe),album,2025-10-30,Oklou; Bladee,Oklou; Bladee,2,https://open.spotify.com/track/44bXaII5bLypYmhVGoZjon
4qUaD1MHcKk7gLawTIkCiP,harvest sky,1TaVbSLBnUQwfcld3tDAUI,choke enough (Deluxe),album,2025-10-30,Oklou; underscores,Oklou; underscores,2,https://open.spotify.com/track/4qUaD1MHcKk7gLawTIkCiP
6rTgjvKEp1SABOBebNsLkm,take me by the hand,0ME2uR7jGL1WR914hPIpGr,take me by the hand (feat. Bladee),single,2025-01-16,Oklou; Bladee,Oklou; Bladee,2,https://open.spotify.com/track/6rTgjvKEp1SABOBebNsLkm
4TVJdCA52un1zbLXWWA1rH,harvest sky,0ME2uR7jGL1WR914hPIpGr,take me by the hand (feat. Bladee),single,2025-01-16,Oklou; underscores,Oklou; underscores,2,https://open.spotify.com/track/4TVJdCA52un1zbLXWWA1rH
6ChWVW8O0LAdzf6X1fKgSP,harvest sky,1sAbtQU4VkbjsM04CkfK8u,choke enough,single,2024-11-21,Oklou; underscores,Oklou; underscores,2,https://open.spotify.com/track/6ChWVW8O0LAdzf6X1fKgSP
0m3TeZU2R4bhp3iQcUVJ6F,take me by the hand,5NgtIXb94FK6LbtLPd00uR,blade bird,single,2025-02-05,Oklou; Bladee,Oklou; Bladee,2,https://open.spotify.com/track/0m3TeZU2R4bhp3iQcUVJ6F
5dx1g6dKgxMWfuGFHJk7C0,harvest sky,5NgtIXb94FK6LbtLPd00uR,blade bird,single,2025-02-05,Oklou; underscores,Oklou; underscores,2,https://open.spotify.com/track/5dx1g6dKgxMWfuGFHJk7C0
0enz80MqryEfAT33MIXtFU,harvest sky,4Nn9VukWdfqFAx61e8CPJ0,harvest sky / obvious,single,2024-10-16,Oklou; underscores,Oklou; underscores,2,https://open.spotify.com/track/0enz80MqryEfAT33MIXtFU
47J3UVkoAlEEcr4tguk4ph,1,76qQt7n5SKtIa38BmZxvl4,lucre,album,2025-02-07,Dean Blunt; Elias Rønnenfelt,Dean Blunt; Elias Rønnenfelt,2,https://open.spotify.com/track/47J3UVkoAlEEcr4tguk4ph
6eLfGGLdhv4x5IPl7N88AS,2,76qQt7n5SKtIa38BmZxvl4,lucre,album,2025-02-07,Dean Blunt; Elias Rønnenfelt,Dean Blunt; Elias Rønnenfelt,2,https://open.spotify.com/track/6eLfGGLdhv4x5IPl7N88AS
54CKM5iLlF81weoHcXx9Jm,3,76qQt7n5SKtIa38BmZxvl4,lucre,album,2025-02-07,Dean Blunt; Elias Rønnenfelt,Dean Blunt; Elias Rønnenfelt,2,https://open.spotify.com/track/54CKM5iLlF81weoHcXx9Jm
3W9INBEJLZwnBZlbGHz8P2,4,76qQt7n5SKtIa38BmZxvl4,lucre,album,2025-02-07,Dean Blunt; Elias Rønnenfelt,Dean Blunt; Elias Rønnenfelt,2,https://open.spotify.com/track/3W9INBEJLZwnBZlbGHz8P2
7CK4bpTIiYWYp478jgSlgp,5,76qQt7n5SKtIa38BmZxvl4,lucre,album,2025-02-07,Dean Blunt; Elias Rønnenfelt,Dean Blunt; Elias Rønnenfelt,2,https://open.spotify.com/track/7CK4bpTIiYWYp478jgSlgp
7IWpPYXDx7jKcPDr9Wphca,6,76qQt7n5SKtIa38BmZxvl4,lucre,album,2025-02-07,Dean Blunt; Elias Rønnenfelt,Dean Blunt; Elias Rønnenfelt,2,https://open.spotify.com/track/7IWpPYXDx7jKcPDr9Wphca
6f0QzlymhzFNEm14kw2TDa,7,76qQt7n5SKtIa38BmZxvl4,lucre,album,2025-02-07,Dean Blunt; Elias Rønnenfelt,Dean Blunt; Elias Rønnenfelt,2,https://open.spotify.com/track/6f0QzlymhzFNEm14kw2TDa
7DigNxE6prVBzj4sPJopkT,tears on his rings and chains,5DXpvfvNrOTSM2nYL5YlyR,tears on his rings and chains,single,2025-08-15,Dean Blunt; Elias Rønnenfelt,Dean Blunt; Elias Rønnenfelt,2,https://open.spotify.com/track/7DigNxE6prVBzj4sPJopkT
0DDd0hDnpVNO94wWoyYZ4M,Close - The Dare Remix,0LweQTYQWh0t9ZNGlb3ANI,Close,single,2025-02-28,Elias Rønnenfelt; FAUZIA; The Dare,Elias Rønnenfelt; The Dare,2,https://open.spotify.com/track/0DDd0hDnpVNO94wWoyYZ4M
3shd5Gvr4TuotVS2Q8l0GO,repeat offenders,4ij6JFRdgUTzvsu3UFw5BS,Backstage Raver,album,2024-05-27,Joanne Robertson; Dean Blunt; Elias Rønnenfelt,Dean Blunt; Elias Rønnenfelt,2,https://open.spotify.com/track/3shd5Gvr4TuotVS2Q8l0GO
0WbuDhRzi9VQdz1qmUY47l,Smile Please,7ICcPNtiYMD2teS4rFClhS,Smile Please,single,2023-04-20,Dean Blunt; Elias Rønnenfelt,Dean Blunt; Elias Rønnenfelt,2,https://open.spotify.com/track/0WbuDhRzi9VQdz1qmUY47l
7jCBIr3olej8VJayKPg30c,COLD VISIONS (OUTRO 2),2cEL04tddUszYFy6tEM1rI,Cold Visions,album,2024-04-24,Bladee; Ecco2k,Bladee; Ecco2k,2,https://open.spotify.com/track/7jCBIr3olej8VJayKPg30c
1yA52ETTFmGPb0uJYShoAu,DiSASTER PRELUDE,59VjMEiXIOpzLAMAHrLlfj,Spiderr,album,2022-09-30,Bladee; Ecco2k,Bladee; Ecco2k,2,https://open.spotify.com/track/1yA52ETTFmGPb0uJYShoAu
7mebNFbb0ehL1IX1DMktdC,The Flag is Raised,3j75sKW2Lw9gUEhjNzPKn4,Crest,album,2022-03-18,Bladee; Ecco2k,Bladee; Ecco2k,2,https://open.spotify.com/track/7mebNFbb0ehL1IX1DMktdC
62ULDRgBvShFOFQoz4mTEb,5 Star Crest (4 Vattenrum),3j75sKW2Lw9gUEhjNzPKn4,Crest,album,2022-03-18,Bladee; Ecco2k,Bladee; Ecco2k,2,https://open.spotify.com/track/62ULDRgBvShFOFQoz4mTEb
6P6ePnHNkEnoQFoSsoFJV6,White Meadow,3j75sKW2Lw9gUEhjNzPKn4,Crest,album,2022-03-18,Bladee; Ecco2k,Bladee; Ecco2k,2,https://open.spotify.com/track/6P6ePnHNkEnoQFoSsoFJV6
0Nrd79QrK5WXiqxKMgTUX3,Faust,3j75sKW2Lw9gUEhjNzPKn4,Crest,album,2022-03-18,Bladee; Ecco2k,Bladee; Ecco2k,2,https://open.spotify.com/track/0Nrd79QrK5WXiqxKMgTUX3
0R0czNP4FyJC842cXqRfNF,Yeses (Red Cross),3j75sKW2Lw9gUEhjNzPKn4,Crest,album,2022-03-18,Bladee; Ecco2k,Bladee; Ecco2k,2,https://open.spotify.com/track/0R0czNP4FyJC842cXqRfNF
3xTUOCFRAsBHVFuwhpv5t3,Desire is a Trap,3j75sKW2Lw9gUEhjNzPKn4,Crest,album,2022-03-18,Bladee; Ecco2k,Bladee; Ecco2k,2,https://open.spotify.com/track/3xTUOCFRAsBHVFuwhpv5t3
3JA9NLn4RBWjqACyoQhNLV,Chaos Follows,3j75sKW2Lw9gUEhjNzPKn4,Crest,album,2022-03-18,Bladee; Ecco2k,Bladee; Ecco2k,2,https://open.spotify.com/track/3JA9NLn4RBWjqACyoQhNLV
7hvwgwbZCCGZaNRQSf8bin,Girls Just Want to Have Fun,3j75sKW2Lw9gUEhjNzPKn4,Crest,album,2022-03-18,Bladee; Ecco2k,Bladee; Ecco2k,2,https://open.spotify.com/track/7hvwgwbZCCGZaNRQSf8bin
0WK9wiVliZ1xybNZqsbJAv,Heaven Sings,3j75sKW2Lw9gUEhjNzPKn4,Crest,album,2022-03-18,Bladee; Ecco2k,Bladee; Ecco2k,2,https://open.spotify.com/track/0WK9wiVliZ1xybNZqsbJAv
76VqIl6O9RtfS3KnbXS2Y3,Rainbow - make it double Oklou Mix,027HKBDXnf9MZOgSul9omC,Good Luck (Deluxe),album,2021-05-11,Bladee; Mechatok; Oklou,Bladee; Oklou,2,https://open.spotify.com/track/76VqIl6O9RtfS3KnbXS2Y3
2foluZFr221RFvoAQoP78w,WONDERLAND,7Jo4N42wOOKa6FolEXCSI3,EXETER,album,2020-04-08,Bladee; Ecco2k,Bladee; Ecco2k,2,https://open.spotify.com/track/2foluZFr221RFvoAQoP78w
24UWvgWEtdgbWkOEhHfW5G,LOVESTORY,7Jo4N42wOOKa6FolEXCSI3,EXETER,album,2020-04-08,Bladee; Ecco2k,Bladee; Ecco2k,2,https://open.spotify.com/track/24UWvgWEtdgbWkOEhHfW5G
086iuh3xnBANKx1VabmhAE,Waterfall,30zy3JHuDxZbBWGf8rGZGX,Trash Island,album,2019-09-12,Thaiboy Digital; Bladee; Ecco2k,Bladee; Ecco2k,2,https://open.spotify.com/track/086iuh3xnBANKx1VabmhAE
7EDtVvIGu5GOad04oh3UYx,Victim,30zy3JHuDxZbBWGf8rGZGX,Trash Island,album,2019-09-12,Bladee; Thaiboy Digital; Ecco2k,Bladee; Ecco2k,2,https://open.spotify.com/track/7EDtVvIGu5GOad04oh3UYx
1zX178V8sWozr96MrfmRun,Western Union,30zy3JHuDxZbBWGf8rGZGX,Trash Island,album,2019-09-12,Ecco2k; Thaiboy Digital; Bladee,Ecco2k; Bladee,2,https://open.spotify.com/track/1zX178V8sWozr96MrfmRun
0xIozNTbJEM1Gy0gSbZ7Pp,The Void,30zy3JHuDxZbBWGf8rGZGX,Trash Island,album,2019-09-12,Bladee; Ecco2k; Thaiboy Digital,Bladee; Ecco2k,2,https://open.spotify.com/track/0xIozNTbJEM1Gy0gSbZ7Pp
2KNWwbHypTQhTO0U0sjYxC,Acid Rain,30zy3JHuDxZbBWGf8rGZGX,Trash Island,album,2019-09-12,Bladee; Ecco2k,Bladee; Ecco2k,2,https://open.spotify.com/track/2KNWwbHypTQhTO0U0sjYxC
5sMeF22YDuHZ26cdgAI2GH,You Lose,30zy3JHuDxZbBWGf8rGZGX,Trash Island,album,2019-09-12,Ecco2k; Bladee; Thaiboy Digital,Ecco2k; Bladee,2,https://open.spotify.com/track/5sMeF22YDuHZ26cdgAI2GH
5adW1n6jrFcc4sRAtFeQVX,Obedient,0NCLTcIG4kbORFysmf56BW,Red Light,album,2018-05-11,Bladee; Ecco2k,Bladee; Ecco2k,2,https://open.spotify.com/track/5adW1n6jrFcc4sRAtFeQVX
72QEZU1irVPiifDfmgmOVn,For You,0NCLTcIG4kbORFysmf56BW,Red Light,album,2018-05-11,Bladee; Ecco2k,Bladee; Ecco2k,2,https://open.spotify.com/track/72QEZU1irVPiifDfmgmOVn
3c3P9O9ThVaIK9f1ksJDM5,Cherry Bracelets,0kJ6BPe0ucJGaGvcVxvmjR,Working on Dying,album,2017-12-28,Bladee; Yung Lean; Ecco2k,Bladee; Ecco2k,2,https://open.spotify.com/track/3c3P9O9ThVaIK9f1ksJDM5
35nVhMWwjp1GauAAvttfoa,First Crush,2mygaVOnVsDZykKbiWQK1K,D&G,album,2017-08-07,Bladee; Ecco2k; Yung Lean,Bladee; Ecco2k,2,https://open.spotify.com/track/35nVhMWwjp1GauAAvttfoa
318LqxbsueP3wdNQ2itF4D,Cinderella,2mygaVOnVsDZykKbiWQK1K,D&G,album,2017-08-07,Bladee; Ecco2k,Bladee; Ecco2k,2,https://open.spotify.com/track/318LqxbsueP3wdNQ2itF4D
1faCDpeyt1tcXNFUeZ5W5M,Stalker,2mygaVOnVsDZykKbiWQK1K,D&G,album,2017-08-07,Bladee; Ecco2k,Bladee; Ecco2k,2,https://open.spotify.com/track/1faCDpeyt1tcXNFUeZ5W5M
295LrClZ5DEUetIaLcS8Iq,Brokeboy,1izV69He2Zy4xaNnhtm4PJ,AvP,album,2016-12-09,Bladee; Thaiboy Digital; Ecco2k,Bladee; Ecco2k,2,https://open.spotify.com/track/295LrClZ5DEUetIaLcS8Iq
5WPARJFAemzCHkpwyDhEf5,So What,0ZyoyTZbl3g0IwkNlpg633,Eversince,album,2016-05-25,Bladee; Ecco2k,Bladee; Ecco2k,2,https://open.spotify.com/track/5WPARJFAemzCHkpwyDhEf5
7lsxrbHKYBNcRW53M9RQ0U,Bloodveil / Stillborn,0ZyoyTZbl3g0IwkNlpg633,Eversince,album,2016-05-25,Bladee; Ecco2k,Bladee; Ecco2k,2,https://open.spotify.com/track/7lsxrbHKYBNcRW53M9RQ0U
6jRCP46FGnbXAcJcOt51rZ,Ebay,1pBLLI9jbR05lCW8mKBiAP,Gluee,album,2014-01-27,Bladee; Thaiboy Digital; Ecco2k,Bladee; Ecco2k,2,https://open.spotify.com/track/6jRCP46FGnbXAcJcOt51rZ
6wtzU740nPNrISiUyFjLyc,take me by the hand - Aaron Hibell remix,3XVJ9mW3dKjoXrMDpT9r1m,take me by the hand (Aaron Hibell remix),single,2025-06-24,Oklou; Bladee; Aaron Hibell,Oklou; Bladee,2,https://open.spotify.com/track/6wtzU740nPNrISiUyFjLyc
1FiyPGjxAFATNcQUxOPzU7,take me by the hand,3XVJ9mW3dKjoXrMDpT9r1m,take me by the hand (Aaron Hibell remix),single,2025-06-24,Oklou; Bladee,Oklou; Bladee,2,https://open.spotify.com/track/1FiyPGjxAFATNcQUxOPzU7
0w7D97OKS6CN9KZyKqoFUn,Expression On Your Face,0SylYxgzz1dgwuN4ItVB3u,Expression On Your Face,single,2025-06-12,Mechatok; Ecco2k; Bladee,Ecco2k; Bladee,2,https://open.spotify.com/track/0w7D97OKS6CN9KZyKqoFUn
2DYEpPQYwuaKORz2slWUfH,Rewind featuring bladee,2WruUIeVL07lON0EIRNKT6,Rewind featuring bladee,single,2024-10-10,Charli xcx; Bladee; A. G. Cook,Bladee; A. G. Cook,2,https://open.spotify.com/track/2DYEpPQYwuaKORz2slWUfH
2bFB6dc6kTmSW56Ds4W20i,TL;DR,7IbDlB40bPRjpVzNy934vk,TL;DR,single,2024-04-19,Bladee; Ecco2k; Thaiboy Digital,Bladee; Ecco2k,2,https://open.spotify.com/track/2bFB6dc6kTmSW56Ds4W20i
1lz2s7GiXZcMypSpMCkjmJ,Every Summer,1HZWU6NhcwXiOu2Ki01kfm,Every Summer,single,2023-08-29,Bladee; Nation; Varg²™,Bladee; Nation,2,https://open.spotify.com/track/1lz2s7GiXZcMypSpMCkjmJ
4lUc0XBymgLCx3fs6ovzRj,Amygdala,5dmjsLeNMW49goi92kul6n,Amygdala,single,2022-01-19,Ecco2k; Bladee,Ecco2k; Bladee,2,https://open.spotify.com/track/4lUc0XBymgLCx3fs6ovzRj
10QmGSAytqJ8W6mfvmZcAN,Rainbow - make it double Oklou Mix,5YnKqgqiyMq7Lr1tMK0180,Rainbow (make it double Oklou Mix),single,2021-03-19,Bladee; Mechatok; Oklou,Bladee; Oklou,2,https://open.spotify.com/track/10QmGSAytqJ8W6mfvmZcAN
2coUZAS0CLkWCtB0uxupnJ,Girls just want to have fun,7dPjbsf6oMNuruiNCh0O6i,Girls just want to have fun,single,2020-02-24,Bladee; Ecco2k,Bladee; Ecco2k,2,https://open.spotify.com/track/2coUZAS0CLkWCtB0uxupnJ
45S1AYnCco4cXjFpoctV7u,Vanilla Sky,08ZBQtR6EmVmeOTtiwGinx,Vanilla Sky,single,2019-07-26,Bladee; Ecco2k,Bladee; Ecco2k,2,https://open.spotify.com/track/45S1AYnCco4cXjFpoctV7u
5gzoBTffaHN5QYrT1XG5Gk,Plastic Surgery,2YjaGotarDTt4otFzDs3Zv,Plastic Surgery,single,2018-09-21,Bladee; Ecco2k,Bladee; Ecco2k,2,https://open.spotify.com/track/5gzoBTffaHN5QYrT1XG5Gk
7onpPXobnT4uodo02pimLK,DNA PLAY,2KbEdUTU9q0LgzuEggGUNu,Lonestar Pandemonium,single,2022-05-13,Varg²™; Bladee; Ecco2k,Bladee; Ecco2k,2,https://open.spotify.com/track/7onpPXobnT4uodo02pimLK
1MQXhg7hdHN8BiP5gIj3VK,H2D - (Eurohead x Varg²™ Remix),6yILbhcX95SPFlDlQ7dpoX,H2D (Eurohead x Varg²™ Remix),single,2024-10-24,Varg²™; Eurohead; Bladee; Ecco2k,Bladee; Ecco2k,2,https://open.spotify.com/track/1MQXhg7hdHN8BiP5gIj3VK
2iMotncyTHldsDctQoInPc,H2D - (Eurohead x Varg²™ Ambient Remix),6yILbhcX95SPFlDlQ7dpoX,H2D (Eurohead x Varg²™ Remix),single,2024-10-24,Varg²™; Eurohead; Bladee; Ecco2k,Bladee; Ecco2k,2,https://open.spotify.com/track/2iMotncyTHldsDctQoInPc
36Q9TwqPRjphyQhXls9UL8,take me by the hand - Aaron Hibell remix,3tTPYrIP9FinA9YORyix40,choke enough (remixes),single,2025-06-25,Oklou; Bladee; Aaron Hibell,Oklou; Bladee,2,https://open.spotify.com/track/36Q9TwqPRjphyQhXls9UL8
6vMeXp1h2yRUsmw7fX5j67,fall - A. G. Cook Remix,50VFodcPjQLNYlIk7oltPM,fall / galore (A. G. Cook Remixes),single,2021-06-02,Oklou; A. G. Cook,Oklou; A. G. Cook,2,https://open.spotify.com/track/6vMeXp1h2yRUsmw7fX5j67
5WxmxiAJS0CcTUwb9DkXyR,galore - A. G. Cook Remix,50VFodcPjQLNYlIk7oltPM,fall / galore (A. G. Cook Remixes),single,2021-06-02,Oklou; A. G. Cook,Oklou; A. G. Cook,2,https://open.spotify.com/track/5WxmxiAJS0CcTUwb9DkXyR
7cBYrtO9GVDPKVZIpwVrKd,Being Harsh,5jisL3Cz7JVwUBIzvNuDdn,Being Harsh,single,2021-05-20,A. G. Cook; Oklou,A. G. Cook; Oklou,2,https://open.spotify.com/track/7cBYrtO9GVDPKVZIpwVrKd
5cYsnjGhMyUcy4PwyehOGp,Being Harsh,2crtxJQewJqC3hQTtMJ4II,Apple vs. 7G,album,2021-05-28,A. G. Cook; Oklou,A. G. Cook; Oklou,2,https://open.spotify.com/track/5cYsnjGhMyUcy4PwyehOGp
671CE4Sd2GNd46cyjNOHsO,Rewind featuring bladee,0W5woeQnfOZmVLSbggRRlR,Brat and it’s completely different but also still brat,album,2024-10-14,Charli xcx; Bladee; A. G. Cook,Bladee; A. G. Cook,2,https://open.spotify.com/track/671CE4Sd2GNd46cyjNOHsO
4zAPLPwKiNwsHn27oVhuIU,Nobody's Fault,2ADSnLn7o53c3fM2Xqw4uB,Nation 2,album,2025-05-18,Nation; Ecco2k,Nation; Ecco2k,2,https://open.spotify.com/track/4zAPLPwKiNwsHn27oVhuIU
2WfKw9Ke0Q5Ytb0CUXqBU5,Touch,2ADSnLn7o53c3fM2Xqw4uB,Nation 2,album,2025-05-18,Nation; Ecco2k,Nation; Ecco2k,2,https://open.spotify.com/track/2WfKw9Ke0Q5Ytb0CUXqBU5
2cEGDFroaSagUGVGr3Mrb8,Ça Va,0KCAwdzbRk9D7GOdJNY0fu,Ça Va,single,2023-06-08,Nation; Ecco2k,Nation; Ecco2k,2,https://open.spotify.com/track/2cEGDFroaSagUGVGr3Mrb8
0NTxPkoyndrAN07DYS2ouO,SummerTime Blood,7v6htsHRSZ34XJCki1uZxB,Stardust,album,2022-04-07,Yung Lean; Skrillex; Bladee; Ecco2k,Bladee; Ecco2k,2,https://open.spotify.com/track/0NTxPkoyndrAN07DYS2ouO
4Yul0QHDFy2uV5cupAzFqj,Legendary Member,7hpf92OLaz5UgW71sPMkaQ,Legendary Member,album,2019-09-26,Thaiboy Digital; Bladee; Ecco2k; Yung Lean,Bladee; Ecco2k,2,https://open.spotify.com/track/4Yul0QHDFy2uV5cupAzFqj
5uu8ThZf9pjGlbxhx3RZyj,Snowmen (feat. Bladee & Ecco2k),40JFtmfeAlihy4RB5Y1E25,"Greatest Hits, Pt. 1",compilation,2018-05-12,Xavier Wulf; Bladee; Ecco2k,Bladee; Ecco2k,2,https://open.spotify.com/track/5uu8ThZf9pjGlbxhx3RZyj
0FEbe5hB2HqCFOaXpgZ7hD,Expression On Your Face,0zXkNrPiubPQ6xuBBN0ssu,Wide Awake,album,2025-08-08,Mechatok; Ecco2k; Bladee,Ecco2k; Bladee,2,https://open.spotify.com/track/0FEbe5hB2HqCFOaXpgZ7hD
7iPgC5Ik6JdRpT3GskKumw,H2D,7ib62D611ESrKymPdoeJJY,"Nordic Flora Series, Pt. 6: Outlaw Music",album,2024-04-04,Varg²™; Ecco2k; Bladee,Ecco2k; Bladee,2,https://open.spotify.com/track/7iPgC5Ik6JdRpT3GskKumw
