source,target,source_spotify_id,target_spotify_id,source_genres,target_genres,shared_genres,shared_genres_count,jaccard_similarity,pair_key,collaboration,collaboration_weight,evidence_tracks
Jane Remover,ear,2rLGlNI6htigNxx172qxLu,3bABCGLkFvjnNIKHvPVHDG,electroclash; hyperpop,electroclash,electroclash,1,0.5,Jane Remover|||ear,0,0,
Jane Remover,Mk.gee,2rLGlNI6htigNxx172qxLu,7tr9pbgNEKtG0GQTKe08Tz,electroclash; hyperpop,,,0,0.0,Jane Remover|||Mk.gee,0,0,
Jane Remover,ML Buch,2rLGlNI6htigNxx172qxLu,3NsSv8HchEwfa7bGkjb4ZC,electroclash; hyperpop,,,0,0.0,Jane Remover|||ML Buch,0,0,
Jane Remover,Chanel Beads,2rLGlNI6htigNxx172qxLu,3x11XrMEnyP18hv73pmKRL,electroclash; hyperpop,lo-fi indie,,0,0.0,Chanel Beads|||Jane Remover,0,0,
Jane Remover,Sophia Stel,2rLGlNI6htigNxx172qxLu,18w9tq3c2x11niEFNYqeex,electroclash; hyperpop,,,0,0.0,Jane Remover|||Sophia Stel,0,0,
Jane Remover,Bassvictim,2rLGlNI6htigNxx172qxLu,7f8ydynRRnrJBqWxevKLcM,electroclash; hyperpop,electroclash; hyperpop; witch house,electroclash; hyperpop,2,0.6667,Bassvictim|||Jane Remover,0,0,
Jane Remover,The Hellp,2rLGlNI6htigNxx172qxLu,5DslL3PUa3BcRlCCEP64A4,electroclash; hyperpop,electroclash; hyperpop; new rave,electroclash; hyperpop,2,0.6667,Jane Remover|||The Hellp,0,0,
Jane Remover,the sound chalk makes,2rLGlNI6htigNxx172qxLu,4uiFRdH1ESOicHwBuTbsY5,electroclash; hyperpop,electroclash; hyperpop,electroclash; hyperpop,2,1.0,Jane Remover|||the sound chalk makes,0,0,
Jane Remover,Lucy Bedroque,2rLGlNI6htigNxx172qxLu,2I8H267eH5va9da4vGt38O,electroclash; hyperpop,cloud rap; hyperpop; rage rap,hyperpop,1,0.25,Jane Remover|||Lucy Bedroque,1,1,Audiostalker
Jane Remover,Horse Vision,2rLGlNI6htigNxx172qxLu,28gAkTGnjn8QZllb4EU4OM,electroclash; hyperpop,,,0,0.0,Horse Vision|||Jane Remover,0,0,
Jane Remover,Mother Soki,2rLGlNI6htigNxx172qxLu,08W3G3y83p0TLqqjiyKXBk,electroclash; hyperpop,,,0,0.0,Jane Remover|||Mother Soki,0,0,
Jane Remover,bar italia,2rLGlNI6htigNxx172qxLu,6tYmTHApvspl6KAgTfHjAY,electroclash; hyperpop,lo-fi indie,,0,0.0,Jane Remover|||bar italia,0,0,
Jane Remover,daine,2rLGlNI6htigNxx172qxLu,4lyCoxLN0aW7nJy5rec0tG,electroclash; hyperpop,hyperpop,hyperpop,1,0.5,Jane Remover|||daine,0,0,
Jane Remover,james K,2rLGlNI6htigNxx172qxLu,25BObiRSDCMwVrBGIVaLIf,electroclash; hyperpop,,,0,0.0,Jane Remover|||james K,0,0,
Jane Remover,underscores,2rLGlNI6htigNxx172qxLu,7HfUJxeVTgrvhk0eWHFzV7,electroclash; hyperpop,hyperpop,hyperpop,1,0.5,Jane Remover|||underscores,1,2,Uncanny long arms (with Jane Remover); Uncanny long arms (with Jane Remover)
Jane Remover,Elias Rønnenfelt,2rLGlNI6htigNxx172qxLu,1sMYEFib6APIW3JjkY8pYS,electroclash; hyperpop,,,0,0.0,Elias Rønnenfelt|||Jane Remover,0,0,
Jane Remover,Bladee,2rLGlNI6htigNxx172qxLu,2xvtxDNInKDV4AvGmjw6d1,electroclash; hyperpop,cloud rap; hyperpop,hyperpop,1,0.3333,Bladee|||Jane Remover,0,0,
Jane Remover,mark william lewis,2rLGlNI6htigNxx172qxLu,2r5elgyPQ19vDG3xSQn39k,electroclash; hyperpop,,,0,0.0,Jane Remover|||mark william lewis,0,0,
Jane Remover,Nourished by Time,2rLGlNI6htigNxx172qxLu,7zNkqI6qRr0OJ4XO1Pw29g,electroclash; hyperpop,indie electronic,,0,0.0,Jane Remover|||Nourished by Time,0,0,
Jane Remover,Alex G,2rLGlNI6htigNxx172qxLu,6lcwlkAjBPSKnFBZjjZFJs,electroclash; hyperpop,,,0,0.0,Alex G|||Jane Remover,0,0,
Jane Remover,Oklou,2rLGlNI6htigNxx172qxLu,6fFcUOFcbjeIuEomuUthkw,electroclash; hyperpop,art pop; hyperpop,hyperpop,1,0.3333,Jane Remover|||Oklou,0,0,
Jane Remover,Dean Blunt,2rLGlNI6htigNxx172qxLu,5CFSYjc0PAiQvndFjafabk,electroclash; hyperpop,,,0,0.0,Dean Blunt|||Jane Remover,0,0,
Jane Remover,King Krule,2rLGlNI6htigNxx172qxLu,4wyNyxs74Ux8UIDopNjIai,electroclash; hyperpop,,,0,0.0,Jane Remover|||King Krule,0,0,
Jane Remover,A. G. Cook,2rLGlNI6htigNxx172qxLu,335TWGWGFan4vaacJzSiU8,electroclash; hyperpop,hyperpop,hyperpop,1,0.5,A. G. Cook|||Jane Remover,0,0,
Jane Remover,Nation,2rLGlNI6htigNxx172qxLu,03D2b6ATNCne8B3D251ncQ,electroclash; hyperpop,electroclash; witch house,electroclash,1,0.3333,Jane Remover|||Nation,0,0,
Jane Remover,The Dare,2rLGlNI6htigNxx172qxLu,2mqiqsaX4LzFnUP7PmHGAb,electroclash; hyperpop,electroclash,electroclash,1,0.5,Jane Remover|||The Dare,0,0,
Jane Remover,Ecco2k,2rLGlNI6htigNxx172qxLu,6hG0VsXXlD10l60TqiIHIX,electroclash; hyperpop,cloud rap; hyperpop,hyperpop,1,0.3333,Ecco2k|||Jane Remover,0,0,
Jane Remover,BABii,2rLGlNI6htigNxx172qxLu,30qGwXnygZNCzxjN7QsIR0,electroclash; hyperpop,hyperpop,hyperpop,1,0.5,BABii|||Jane Remover,0,0,
Jane Remover,2hollis,2rLGlNI6htigNxx172qxLu,72NhFAGG5Pt91VbheJeEPG,electroclash; hyperpop,electroclash; hyperpop,electroclash; hyperpop,2,1.0,2hollis|||Jane Remover,0,0,
ear,Mk.gee,3bABCGLkFvjnNIKHvPVHDG,7tr9pbgNEKtG0GQTKe08Tz,electroclash,,,0,0.0,Mk.gee|||ear,0,0,
ear,ML Buch,3bABCGLkFvjnNIKHvPVHDG,3NsSv8HchEwfa7bGkjb4ZC,electroclash,,,0,0.0,ML Buch|||ear,0,0,
ear,Chanel Beads,3bABCGLkFvjnNIKHvPVHDG,3x11XrMEnyP18hv73pmKRL,electroclash,lo-fi indie,,0,0.0,Chanel Beads|||ear,0,0,
ear,Sophia Stel,3bABCGLkFvjnNIKHvPVHDG,18w9tq3c2x11niEFNYqeex,electroclash,,,0,0.0,Sophia Stel|||ear,0,0,
ear,Bassvictim,3bABCGLkFvjnNIKHvPVHDG,7f8ydynRRnrJBqWxevKLcM,electroclash,electroclash; hyperpop; witch house,electroclash,1,0.3333,Bassvictim|||ear,0,0,
ear,The Hellp,3bABCGLkFvjnNIKHvPVHDG,5DslL3PUa3BcRlCCEP64A4,electroclash,electroclash; hyperpop; new rave,electroclash,1,0.3333,The Hellp|||ear,0,0,
ear,the sound chalk makes,3bABCGLkFvjnNIKHvPVHDG,4uiFRdH1ESOicHwBuTbsY5,electroclash,electroclash; hyperpop,electroclash,1,0.5,ear|||the sound chalk makes,0,0,
ear,Lucy Bedroque,3bABCGLkFvjnNIKHvPVHDG,2I8H267eH5va9da4vGt38O,electroclash,cloud rap; hyperpop; rage rap,,0,0.0,Lucy Bedroque|||ear,0,0,
ear,Horse Vision,3bABCGLkFvjnNIKHvPVHDG,28gAkTGnjn8QZllb4EU4OM,electroclash,,,0,0.0,Horse Vision|||ear,0,0,
ear,Mother Soki,3bABCGLkFvjnNIKHvPVHDG,08W3G3y83p0TLqqjiyKXBk,electroclash,,,0,0.0,Mother Soki|||ear,0,0,
ear,bar italia,3bABCGLkFvjnNIKHvPVHDG,6tYmTHApvspl6KAgTfHjAY,electroclash,lo-fi indie,,0,0.0,bar italia|||ear,0,0,
ear,daine,3bABCGLkFvjnNIKHvPVHDG,4lyCoxLN0aW7nJy5rec0tG,electroclash,hyperpop,,0,0.0,daine|||ear,0,0,
ear,james K,3bABCGLkFvjnNIKHvPVHDG,25BObiRSDCMwVrBGIVaLIf,electroclash,,,0,0.0,ear|||james K,0,0,
ear,underscores,3bABCGLkFvjnNIKHvPVHDG,7HfUJxeVTgrvhk0eWHFzV7,electroclash,hyperpop,,0,0.0,ear|||underscores,0,0,
ear,Elias Rønnenfelt,3bABCGLkFvjnNIKHvPVHDG,1sMYEFib6APIW3JjkY8pYS,electroclash,,,0,0.0,Elias Rønnenfelt|||ear,0,0,
ear,Bladee,3bABCGLkFvjnNIKHvPVHDG,2xvtxDNInKDV4AvGmjw6d1,electroclash,cloud rap; hyperpop,,0,0.0,Bladee|||ear,0,0,
ear,mark william lewis,3bABCGLkFvjnNIKHvPVHDG,2r5elgyPQ19vDG3xSQn39k,electroclash,,,0,0.0,ear|||mark william lewis,0,0,
ear,Nourished by Time,3bABCGLkFvjnNIKHvPVHDG,7zNkqI6qRr0OJ4XO1Pw29g,electroclash,indie electronic,,0,0.0,Nourished by Time|||ear,0,0,
ear,Alex G,3bABCGLkFvjnNIKHvPVHDG,6lcwlkAjBPSKnFBZjjZFJs,electroclash,,,0,0.0,Alex G|||ear,0,0,
ear,Oklou,3bABCGLkFvjnNIKHvPVHDG,6fFcUOFcbjeIuEomuUthkw,electroclash,art pop; hyperpop,,0,0.0,Oklou|||ear,0,0,
ear,Dean Blunt,3bABCGLkFvjnNIKHvPVHDG,5CFSYjc0PAiQvndFjafabk,electroclash,,,0,0.0,Dean Blunt|||ear,0,0,
ear,King Krule,3bABCGLkFvjnNIKHvPVHDG,4wyNyxs74Ux8UIDopNjIai,electroclash,,,0,0.0,King Krule|||ear,0,0,
ear,A. G. Cook,3bABCGLkFvjnNIKHvPVHDG,335TWGWGFan4vaacJzSiU8,electroclash,hyperpop,,0,0.0,A. G. Cook|||ear,0,0,
ear,Nation,3bABCGLkFvjnNIKHvPVHDG,03D2b6ATNCne8B3D251ncQ,electroclash,electroclash; witch house,electroclash,1,0.5,Nation|||ear,0,0,
ear,The Dare,3bABCGLkFvjnNIKHvPVHDG,2mqiqsaX4LzFnUP7PmHGAb,electroclash,electroclash,electroclash,1,1.0,The Dare|||ear,0,0,
ear,Ecco2k,3bABCGLkFvjnNIKHvPVHDG,6hG0VsXXlD10l60TqiIHIX,electroclash,cloud rap; hyperpop,,0,0.0,Ecco2k|||ear,0,0,
ear,BABii,3bABCGLkFvjnNIKHvPVHDG,30qGwXnygZNCzxjN7QsIR0,electroclash,hyperpop,,0,0.0,BABii|||ear,0,0,
ear,2hollis,3bABCGLkFvjnNIKHvPVHDG,72NhFAGG5Pt91VbheJeEPG,electroclash,electroclash; hyperpop,electroclash,1,0.5,2hollis|||ear,0,0,
Mk.gee,ML Buch,7tr9pbgNEKtG0GQTKe08Tz,3NsSv8HchEwfa7bGkjb4ZC,,,,0,0.0,ML Buch|||Mk.gee,0,0,
Mk.gee,Chanel Beads,7tr9pbgNEKtG0GQTKe08Tz,3x11XrMEnyP18hv73pmKRL,,lo-fi indie,,0,0.0,Chanel Beads|||Mk.gee,0,0,
Mk.gee,Sophia Stel,7tr9pbgNEKtG0GQTKe08Tz,18w9tq3c2x11niEFNYqeex,,,,0,0.0,Mk.gee|||Sophia Stel,0,0,
Mk.gee,Bassvictim,7tr9pbgNEKtG0GQTKe08Tz,7f8ydynRRnrJBqWxevKLcM,,electroclash; hyperpop; witch house,,0,0.0,Bassvictim|||Mk.gee,0,0,
Mk.gee,The Hellp,7tr9pbgNEKtG0GQTKe08Tz,5DslL3PUa3BcRlCCEP64A4,,electroclash; hyperpop; new rave,,0,0.0,Mk.gee|||The Hellp,0,0,
Mk.gee,the sound chalk makes,7tr9pbgNEKtG0GQTKe08Tz,4uiFRdH1ESOicHwBuTbsY5,,electroclash; hyperpop,,0,0.0,Mk.gee|||the sound chalk makes,0,0,
Mk.gee,Lucy Bedroque,7tr9pbgNEKtG0GQTKe08Tz,2I8H267eH5va9da4vGt38O,,cloud rap; hyperpop; rage rap,,0,0.0,Lucy Bedroque|||Mk.gee,0,0,
Mk.gee,Horse Vision,7tr9pbgNEKtG0GQTKe08Tz,28gAkTGnjn8QZllb4EU4OM,,,,0,0.0,Horse Vision|||Mk.gee,0,0,
Mk.gee,Mother Soki,7tr9pbgNEKtG0GQTKe08Tz,08W3G3y83p0TLqqjiyKXBk,,,,0,0.0,Mk.gee|||Mother Soki,0,0,
Mk.gee,bar italia,7tr9pbgNEKtG0GQTKe08Tz,6tYmTHApvspl6KAgTfHjAY,,lo-fi indie,,0,0.0,Mk.gee|||bar italia,0,0,
Mk.gee,daine,7tr9pbgNEKtG0GQTKe08Tz,4lyCoxLN0aW7nJy5rec0tG,,hyperpop,,0,0.0,Mk.gee|||daine,0,0,
Mk.gee,james K,7tr9pbgNEKtG0GQTKe08Tz,25BObiRSDCMwVrBGIVaLIf,,,,0,0.0,Mk.gee|||james K,0,0,
Mk.gee,underscores,7tr9pbgNEKtG0GQTKe08Tz,7HfUJxeVTgrvhk0eWHFzV7,,hyperpop,,0,0.0,Mk.gee|||underscores,0,0,
Mk.gee,Elias Rønnenfelt,7tr9pbgNEKtG0GQTKe08Tz,1sMYEFib6APIW3JjkY8pYS,,,,0,0.0,Elias Rønnenfelt|||Mk.gee,0,0,
Mk.gee,Bladee,7tr9pbgNEKtG0GQTKe08Tz,2xvtxDNInKDV4AvGmjw6d1,,cloud rap; hyperpop,,0,0.0,Bladee|||Mk.gee,0,0,
Mk.gee,mark william lewis,7tr9pbgNEKtG0GQTKe08Tz,2r5elgyPQ19vDG3xSQn39k,,,,0,0.0,Mk.gee|||mark william lewis,0,0,
Mk.gee,Nourished by Time,7tr9pbgNEKtG0GQTKe08Tz,7zNkqI6qRr0OJ4XO1Pw29g,,indie electronic,,0,0.0,Mk.gee|||Nourished by Time,0,0,
Mk.gee,Alex G,7tr9pbgNEKtG0GQTKe08Tz,6lcwlkAjBPSKnFBZjjZFJs,,,,0,0.0,Alex G|||Mk.gee,0,0,
Mk.gee,Oklou,7tr9pbgNEKtG0GQTKe08Tz,6fFcUOFcbjeIuEomuUthkw,,art pop; hyperpop,,0,0.0,Mk.gee|||Oklou,0,0,
Mk.gee,Dean Blunt,7tr9pbgNEKtG0GQTKe08Tz,5CFSYjc0PAiQvndFjafabk,,,,0,0.0,Dean Blunt|||Mk.gee,0,0,
Mk.gee,King Krule,7tr9pbgNEKtG0GQTKe08Tz,4wyNyxs74Ux8UIDopNjIai,,,,0,0.0,King Krule|||Mk.gee,0,0,
Mk.gee,A. G. Cook,7tr9pbgNEKtG0GQTKe08Tz,335TWGWGFan4vaacJzSiU8,,hyperpop,,0,0.0,A. G. Cook|||Mk.gee,0,0,
Mk.gee,Nation,7tr9pbgNEKtG0GQTKe08Tz,03D2b6ATNCne8B3D251ncQ,,electroclash; witch house,,0,0.0,Mk.gee|||Nation,0,0,
Mk.gee,The Dare,7tr9pbgNEKtG0GQTKe08Tz,2mqiqsaX4LzFnUP7PmHGAb,,electroclash,,0,0.0,Mk.gee|||The Dare,0,0,
Mk.gee,Ecco2k,7tr9pbgNEKtG0GQTKe08Tz,6hG0VsXXlD10l60TqiIHIX,,cloud rap; hyperpop,,0,0.0,Ecco2k|||Mk.gee,0,0,
Mk.gee,BABii,7tr9pbgNEKtG0GQTKe08Tz,30qGwXnygZNCzxjN7QsIR0,,hyperpop,,0,0.0,BABii|||Mk.gee,0,0,
Mk.gee,2hollis,7tr9pbgNEKtG0GQTKe08Tz,72NhFAGG5Pt91VbheJeEPG,,electroclash; hyperpop,,0,0.0,2hollis|||Mk.gee,0,0,
ML Buch,Chanel Beads,3NsSv8HchEwfa7bGkjb4ZC,3x11XrMEnyP18hv73pmKRL,,lo-fi indie,,0,0.0,Chanel Beads|||ML Buch,0,0,
ML Buch,Sophia Stel,3NsSv8HchEwfa7bGkjb4ZC,18w9tq3c2x11niEFNYqeex,,,,0,0.0,ML Buch|||Sophia Stel,0,0,
ML Buch,Bassvictim,3NsSv8HchEwfa7bGkjb4ZC,7f8ydynRRnrJBqWxevKLcM,,electroclash; hyperpop; witch house,,0,0.0,Bassvictim|||ML Buch,0,0,
ML Buch,The Hellp,3NsSv8HchEwfa7bGkjb4ZC,5DslL3PUa3BcRlCCEP64A4,,electroclash; hyperpop; new rave,,0,0.0,ML Buch|||The Hellp,0,0,
ML Buch,the sound chalk makes,3NsSv8HchEwfa7bGkjb4ZC,4uiFRdH1ESOicHwBuTbsY5,,electroclash; hyperpop,,0,0.0,ML Buch|||the sound chalk makes,0,0,
ML Buch,Lucy Bedroque,3NsSv8HchEwfa7bGkjb4ZC,2I8H267eH5va9da4vGt38O,,cloud rap; hyperpop; rage rap,,0,0.0,Lucy Bedroque|||ML Buch,0,0,
ML Buch,Horse Vision,3NsSv8HchEwfa7bGkjb4ZC,28gAkTGnjn8QZllb4EU4OM,,,,0,0.0,Horse Vision|||ML Buch,0,0,
ML Buch,Mother Soki,3NsSv8HchEwfa7bGkjb4ZC,08W3G3y83p0TLqqjiyKXBk,,,,0,0.0,ML Buch|||Mother Soki,0,0,
ML Buch,bar italia,3NsSv8HchEwfa7bGkjb4ZC,6tYmTHApvspl6KAgTfHjAY,,lo-fi indie,,0,0.0,ML Buch|||bar italia,0,0,
ML Buch,daine,3NsSv8HchEwfa7bGkjb4ZC,4lyCoxLN0aW7nJy5rec0tG,,hyperpop,,0,0.0,ML Buch|||daine,0,0,
ML Buch,james K,3NsSv8HchEwfa7bGkjb4ZC,25BObiRSDCMwVrBGIVaLIf,,,,0,0.0,ML Buch|||james K,0,0,
ML Buch,underscores,3NsSv8HchEwfa7bGkjb4ZC,7HfUJxeVTgrvhk0eWHFzV7,,hyperpop,,0,0.0,ML Buch|||underscores,0,0,
ML Buch,Elias Rønnenfelt,3NsSv8HchEwfa7bGkjb4ZC,1sMYEFib6APIW3JjkY8pYS,,,,0,0.0,Elias Rønnenfelt|||ML Buch,0,0,
ML Buch,Bladee,3NsSv8HchEwfa7bGkjb4ZC,2xvtxDNInKDV4AvGmjw6d1,,cloud rap; hyperpop,,0,0.0,Bladee|||ML Buch,0,0,
ML Buch,mark william lewis,3NsSv8HchEwfa7bGkjb4ZC,2r5elgyPQ19vDG3xSQn39k,,,,0,0.0,ML Buch|||mark william lewis,0,0,
ML Buch,Nourished by Time,3NsSv8HchEwfa7bGkjb4ZC,7zNkqI6qRr0OJ4XO1Pw29g,,indie electronic,,0,0.0,ML Buch|||Nourished by Time,0,0,
ML Buch,Alex G,3NsSv8HchEwfa7bGkjb4ZC,6lcwlkAjBPSKnFBZjjZFJs,,,,0,0.0,Alex G|||ML Buch,0,0,
ML Buch,Oklou,3NsSv8HchEwfa7bGkjb4ZC,6fFcUOFcbjeIuEomuUthkw,,art pop; hyperpop,,0,0.0,ML Buch|||Oklou,0,0,
ML Buch,Dean Blunt,3NsSv8HchEwfa7bGkjb4ZC,5CFSYjc0PAiQvndFjafabk,,,,0,0.0,Dean Blunt|||ML Buch,0,0,
ML Buch,King Krule,3NsSv8HchEwfa7bGkjb4ZC,4wyNyxs74Ux8UIDopNjIai,,,,0,0.0,King Krule|||ML Buch,0,0,
ML Buch,A. G. Cook,3NsSv8HchEwfa7bGkjb4ZC,335TWGWGFan4vaacJzSiU8,,hyperpop,,0,0.0,A. G. Cook|||ML Buch,0,0,
ML Buch,Nation,3NsSv8HchEwfa7bGkjb4ZC,03D2b6ATNCne8B3D251ncQ,,electroclash; witch house,,0,0.0,ML Buch|||Nation,0,0,
ML Buch,The Dare,3NsSv8HchEwfa7bGkjb4ZC,2mqiqsaX4LzFnUP7PmHGAb,,electroclash,,0,0.0,ML Buch|||The Dare,0,0,
ML Buch,Ecco2k,3NsSv8HchEwfa7bGkjb4ZC,6hG0VsXXlD10l60TqiIHIX,,cloud rap; hyperpop,,0,0.0,Ecco2k|||ML Buch,0,0,
ML Buch,BABii,3NsSv8HchEwfa7bGkjb4ZC,30qGwXnygZNCzxjN7QsIR0,,hyperpop,,0,0.0,BABii|||ML Buch,0,0,
ML Buch,2hollis,3NsSv8HchEwfa7bGkjb4ZC,72NhFAGG5Pt91VbheJeEPG,,electroclash; hyperpop,,0,0.0,2hollis|||ML Buch,0,0,
Chanel Beads,Sophia Stel,3x11XrMEnyP18hv73pmKRL,18w9tq3c2x11niEFNYqeex,lo-fi indie,,,0,0.0,Chanel Beads|||Sophia Stel,0,0,
Chanel Beads,Bassvictim,3x11XrMEnyP18hv73pmKRL,7f8ydynRRnrJBqWxevKLcM,lo-fi indie,electroclash; hyperpop; witch house,,0,0.0,Bassvictim|||Chanel Beads,0,0,
Chanel Beads,The Hellp,3x11XrMEnyP18hv73pmKRL,5DslL3PUa3BcRlCCEP64A4,lo-fi indie,electroclash; hyperpop; new rave,,0,0.0,Chanel Beads|||The Hellp,0,0,
Chanel Beads,the sound chalk makes,3x11XrMEnyP18hv73pmKRL,4uiFRdH1ESOicHwBuTbsY5,lo-fi indie,electroclash; hyperpop,,0,0.0,Chanel Beads|||the sound chalk makes,0,0,
Chanel Beads,Lucy Bedroque,3x11XrMEnyP18hv73pmKRL,2I8H267eH5va9da4vGt38O,lo-fi indie,cloud rap; hyperpop; rage rap,,0,0.0,Chanel Beads|||Lucy Bedroque,0,0,
Chanel Beads,Horse Vision,3x11XrMEnyP18hv73pmKRL,28gAkTGnjn8QZllb4EU4OM,lo-fi indie,,,0,0.0,Chanel Beads|||Horse Vision,0,0,
Chanel Beads,Mother Soki,3x11XrMEnyP18hv73pmKRL,08W3G3y83p0TLqqjiyKXBk,lo-fi indie,,,0,0.0,Chanel Beads|||Mother Soki,0,0,
Chanel Beads,bar italia,3x11XrMEnyP18hv73pmKRL,6tYmTHApvspl6KAgTfHjAY,lo-fi indie,lo-fi indie,lo-fi indie,1,1.0,Chanel Beads|||bar italia,0,0,
Chanel Beads,daine,3x11XrMEnyP18hv73pmKRL,4lyCoxLN0aW7nJy5rec0tG,lo-fi indie,hyperpop,,0,0.0,Chanel Beads|||daine,0,0,
Chanel Beads,james K,3x11XrMEnyP18hv73pmKRL,25BObiRSDCMwVrBGIVaLIf,lo-fi indie,,,0,0.0,Chanel Beads|||james K,0,0,
Chanel Beads,underscores,3x11XrMEnyP18hv73pmKRL,7HfUJxeVTgrvhk0eWHFzV7,lo-fi indie,hyperpop,,0,0.0,Chanel Beads|||underscores,0,0,
Chanel Beads,Elias Rønnenfelt,3x11XrMEnyP18hv73pmKRL,1sMYEFib6APIW3JjkY8pYS,lo-fi indie,,,0,0.0,Chanel Beads|||Elias Rønnenfelt,0,0,
Chanel Beads,Bladee,3x11XrMEnyP18hv73pmKRL,2xvtxDNInKDV4AvGmjw6d1,lo-fi indie,cloud rap; hyperpop,,0,0.0,Bladee|||Chanel Beads,0,0,
Chanel Beads,mark william lewis,3x11XrMEnyP18hv73pmKRL,2r5elgyPQ19vDG3xSQn39k,lo-fi indie,,,0,0.0,Chanel Beads|||mark william lewis,0,0,
Chanel Beads,Nourished by Time,3x11XrMEnyP18hv73pmKRL,7zNkqI6qRr0OJ4XO1Pw29g,lo-fi indie,indie electronic,,0,0.0,Chanel Beads|||Nourished by Time,0,0,
Chanel Beads,Alex G,3x11XrMEnyP18hv73pmKRL,6lcwlkAjBPSKnFBZjjZFJs,lo-fi indie,,,0,0.0,Alex G|||Chanel Beads,0,0,
Chanel Beads,Oklou,3x11XrMEnyP18hv73pmKRL,6fFcUOFcbjeIuEomuUthkw,lo-fi indie,art pop; hyperpop,,0,0.0,Chanel Beads|||Oklou,0,0,
Chanel Beads,Dean Blunt,3x11XrMEnyP18hv73pmKRL,5CFSYjc0PAiQvndFjafabk,lo-fi indie,,,0,0.0,Chanel Beads|||Dean Blunt,0,0,
Chanel Beads,King Krule,3x11XrMEnyP18hv73pmKRL,4wyNyxs74Ux8UIDopNjIai,lo-fi indie,,,0,0.0,Chanel Beads|||King Krule,0,0,
Chanel Beads,A. G. Cook,3x11XrMEnyP18hv73pmKRL,335TWGWGFan4vaacJzSiU8,lo-fi indie,hyperpop,,0,0.0,A. G. Cook|||Chanel Beads,0,0,
Chanel Beads,Nation,3x11XrMEnyP18hv73pmKRL,03D2b6ATNCne8B3D251ncQ,lo-fi indie,electroclash; witch house,,0,0.0,Chanel Beads|||Nation,0,0,
Chanel Beads,The Dare,3x11XrMEnyP18hv73pmKRL,2mqiqsaX4LzFnUP7PmHGAb,lo-fi indie,electroclash,,0,0.0,Chanel Beads|||The Dare,0,0,
Chanel Beads,Ecco2k,3x11XrMEnyP18hv73pmKRL,6hG0VsXXlD10l60TqiIHIX,lo-fi indie,cloud rap; hyperpop,,0,0.0,Chanel Beads|||Ecco2k,0,0,
Chanel Beads,BABii,3x11XrMEnyP18hv73pmKRL,30qGwXnygZNCzxjN7QsIR0,lo-fi indie,hyperpop,,0,0.0,BABii|||Chanel Beads,0,0,
Chanel Beads,2hollis,3x11XrMEnyP18hv73pmKRL,72NhFAGG5Pt91VbheJeEPG,lo-fi indie,electroclash; hyperpop,,0,0.0,2hollis|||Chanel Beads,0,0,
Sophia Stel,Bassvictim,18w9tq3c2x11niEFNYqeex,7f8ydynRRnrJBqWxevKLcM,,electroclash; hyperpop; witch house,,0,0.0,Bassvictim|||Sophia Stel,0,0,
Sophia Stel,The Hellp,18w9tq3c2x11niEFNYqeex,5DslL3PUa3BcRlCCEP64A4,,electroclash; hyperpop; new rave,,0,0.0,Sophia Stel|||The Hellp,0,0,
Sophia Stel,the sound chalk makes,18w9tq3c2x11niEFNYqeex,4uiFRdH1ESOicHwBuTbsY5,,electroclash; hyperpop,,0,0.0,Sophia Stel|||the sound chalk makes,0,0,
Sophia Stel,Lucy Bedroque,18w9tq3c2x11niEFNYqeex,2I8H267eH5va9da4vGt38O,,cloud rap; hyperpop; rage rap,,0,0.0,Lucy Bedroque|||Sophia Stel,0,0,
Sophia Stel,Horse Vision,18w9tq3c2x11niEFNYqeex,28gAkTGnjn8QZllb4EU4OM,,,,0,0.0,Horse Vision|||Sophia Stel,0,0,
Sophia Stel,Mother Soki,18w9tq3c2x11niEFNYqeex,08W3G3y83p0TLqqjiyKXBk,,,,0,0.0,Mother Soki|||Sophia Stel,0,0,
Sophia Stel,bar italia,18w9tq3c2x11niEFNYqeex,6tYmTHApvspl6KAgTfHjAY,,lo-fi indie,,0,0.0,Sophia Stel|||bar italia,0,0,
Sophia Stel,daine,18w9tq3c2x11niEFNYqeex,4lyCoxLN0aW7nJy5rec0tG,,hyperpop,,0,0.0,Sophia Stel|||daine,0,0,
Sophia Stel,james K,18w9tq3c2x11niEFNYqeex,25BObiRSDCMwVrBGIVaLIf,,,,0,0.0,Sophia Stel|||james K,0,0,
Sophia Stel,underscores,18w9tq3c2x11niEFNYqeex,7HfUJxeVTgrvhk0eWHFzV7,,hyperpop,,0,0.0,Sophia Stel|||underscores,0,0,
Sophia Stel,Elias Rønnenfelt,18w9tq3c2x11niEFNYqeex,1sMYEFib6APIW3JjkY8pYS,,,,0,0.0,Elias Rønnenfelt|||Sophia Stel,0,0,
Sophia Stel,Bladee,18w9tq3c2x11niEFNYqeex,2xvtxDNInKDV4AvGmjw6d1,,cloud rap; hyperpop,,0,0.0,Bladee|||Sophia Stel,0,0,
Sophia Stel,mark william lewis,18w9tq3c2x11niEFNYqeex,2r5elgyPQ19vDG3xSQn39k,,,,0,0.0,Sophia Stel|||mark william lewis,0,0,
Sophia Stel,Nourished by Time,18w9tq3c2x11niEFNYqeex,7zNkqI6qRr0OJ4XO1Pw29g,,indie electronic,,0,0.0,Nourished by Time|||Sophia Stel,0,0,
Sophia Stel,Alex G,18w9tq3c2x11niEFNYqeex,6lcwlkAjBPSKnFBZjjZFJs,,,,0,0.0,Alex G|||Sophia Stel,0,0,
Sophia Stel,Oklou,18w9tq3c2x11niEFNYqeex,6fFcUOFcbjeIuEomuUthkw,,art pop; hyperpop,,0,0.0,Oklou|||Sophia Stel,0,0,
Sophia Stel,Dean Blunt,18w9tq3c2x11niEFNYqeex,5CFSYjc0PAiQvndFjafabk,,,,0,0.0,Dean Blunt|||Sophia Stel,0,0,
Sophia Stel,King Krule,18w9tq3c2x11niEFNYqeex,4wyNyxs74Ux8UIDopNjIai,,,,0,0.0,King Krule|||Sophia Stel,0,0,
Sophia Stel,A. G. Cook,18w9tq3c2x11niEFNYqeex,335TWGWGFan4vaacJzSiU8,,hyperpop,,0,0.0,A. G. Cook|||Sophia Stel,0,0,
Sophia Stel,Nation,18w9tq3c2x11niEFNYqeex,03D2b6ATNCne8B3D251ncQ,,electroclash; witch house,,0,0.0,Nation|||Sophia Stel,0,0,
Sophia Stel,The Dare,18w9tq3c2x11niEFNYqeex,2mqiqsaX4LzFnUP7PmHGAb,,electroclash,,0,0.0,Sophia Stel|||The Dare,0,0,
Sophia Stel,Ecco2k,18w9tq3c2x11niEFNYqeex,6hG0VsXXlD10l60TqiIHIX,,cloud rap; hyperpop,,0,0.0,Ecco2k|||Sophia Stel,0,0,
Sophia Stel,BABii,18w9tq3c2x11niEFNYqeex,30qGwXnygZNCzxjN7QsIR0,,hyperpop,,0,0.0,BABii|||Sophia Stel,0,0,
Sophia Stel,2hollis,18w9tq3c2x11niEFNYqeex,72NhFAGG5Pt91VbheJeEPG,,electroclash; hyperpop,,0,0.0,2hollis|||Sophia Stel,0,0,
Bassvictim,The Hellp,7f8ydynRRnrJBqWxevKLcM,5DslL3PUa3BcRlCCEP64A4,electroclash; hyperpop; witch house,electroclash; hyperpop; new rave,electroclash; hyperpop,2,0.5,Bassvictim|||The Hellp,0,0,
Bassvictim,the sound chalk makes,7f8ydynRRnrJBqWxevKLcM,4uiFRdH1ESOicHwBuTbsY5,electroclash; hyperpop; witch house,electroclash; hyperpop,electroclash; hyperpop,2,0.6667,Bassvictim|||the sound chalk makes,0,0,
Bassvictim,Lucy Bedroque,7f8ydynRRnrJBqWxevKLcM,2I8H267eH5va9da4vGt38O,electroclash; hyperpop; witch house,cloud rap; hyperpop; rage rap,hyperpop,1,0.2,Bassvictim|||Lucy Bedroque,0,0,
Bassvictim,Horse Vision,7f8ydynRRnrJBqWxevKLcM,28gAkTGnjn8QZllb4EU4OM,electroclash; hyperpop; witch house,,,0,0.0,Bassvictim|||Horse Vision,0,0,
Bassvictim,Mother Soki,7f8ydynRRnrJBqWxevKLcM,08W3G3y83p0TLqqjiyKXBk,electroclash; hyperpop; witch house,,,0,0.0,Bassvictim|||Mother Soki,0,0,
Bassvictim,bar italia,7f8ydynRRnrJBqWxevKLcM,6tYmTHApvspl6KAgTfHjAY,electroclash; hyperpop; witch house,lo-fi indie,,0,0.0,Bassvictim|||bar italia,0,0,
Bassvictim,daine,7f8ydynRRnrJBqWxevKLcM,4lyCoxLN0aW7nJy5rec0tG,electroclash; hyperpop; witch house,hyperpop,hyperpop,1,0.3333,Bassvictim|||daine,0,0,
Bassvictim,james K,7f8ydynRRnrJBqWxevKLcM,25BObiRSDCMwVrBGIVaLIf,electroclash; hyperpop; witch house,,,0,0.0,Bassvictim|||james K,0,0,
Bassvictim,underscores,7f8ydynRRnrJBqWxevKLcM,7HfUJxeVTgrvhk0eWHFzV7,electroclash; hyperpop; witch house,hyperpop,hyperpop,1,0.3333,Bassvictim|||underscores,0,0,
Bassvictim,Elias Rønnenfelt,7f8ydynRRnrJBqWxevKLcM,1sMYEFib6APIW3JjkY8pYS,electroclash; hyperpop; witch house,,,0,0.0,Bassvictim|||Elias Rønnenfelt,0,0,
Bassvictim,Bladee,7f8ydynRRnrJBqWxevKLcM,2xvtxDNInKDV4AvGmjw6d1,electroclash; hyperpop; witch house,cloud rap; hyperpop,hyperpop,1,0.25,Bassvictim|||Bladee,0,0,
Bassvictim,mark william lewis,7f8ydynRRnrJBqWxevKLcM,2r5elgyPQ19vDG3xSQn39k,electroclash; hyperpop; witch house,,,0,0.0,Bassvictim|||mark william lewis,0,0,
Bassvictim,Nourished by Time,7f8ydynRRnrJBqWxevKLcM,7zNkqI6qRr0OJ4XO1Pw29g,electroclash; hyperpop; witch house,indie electronic,,0,0.0,Bassvictim|||Nourished by Time,0,0,
Bassvictim,Alex G,7f8ydynRRnrJBqWxevKLcM,6lcwlkAjBPSKnFBZjjZFJs,electroclash; hyperpop; witch house,,,0,0.0,Alex G|||Bassvictim,0,0,
Bassvictim,Oklou,7f8ydynRRnrJBqWxevKLcM,6fFcUOFcbjeIuEomuUthkw,electroclash; hyperpop; witch house,art pop; hyperpop,hyperpop,1,0.25,Bassvictim|||Oklou,0,0,
Bassvictim,Dean Blunt,7f8ydynRRnrJBqWxevKLcM,5CFSYjc0PAiQvndFjafabk,electroclash; hyperpop; witch house,,,0,0.0,Bassvictim|||Dean Blunt,0,0,
Bassvictim,King Krule,7f8ydynRRnrJBqWxevKLcM,4wyNyxs74Ux8UIDopNjIai,electroclash; hyperpop; witch house,,,0,0.0,Bassvictim|||King Krule,0,0,
Bassvictim,A. G. Cook,7f8ydynRRnrJBqWxevKLcM,335TWGWGFan4vaacJzSiU8,electroclash; hyperpop; witch house,hyperpop,hyperpop,1,0.3333,A. G. Cook|||Bassvictim,0,0,
Bassvictim,Nation,7f8ydynRRnrJBqWxevKLcM,03D2b6ATNCne8B3D251ncQ,electroclash; hyperpop; witch house,electroclash; witch house,electroclash; witch house,2,0.6667,Bassvictim|||Nation,0,0,
Bassvictim,The Dare,7f8ydynRRnrJBqWxevKLcM,2mqiqsaX4LzFnUP7PmHGAb,electroclash; hyperpop; witch house,electroclash,electroclash,1,0.3333,Bassvictim|||The Dare,0,0,
Bassvictim,Ecco2k,7f8ydynRRnrJBqWxevKLcM,6hG0VsXXlD10l60TqiIHIX,electroclash; hyperpop; witch house,cloud rap; hyperpop,hyperpop,1,0.25,Bassvictim|||Ecco2k,0,0,
Bassvictim,BABii,7f8ydynRRnrJBqWxevKLcM,30qGwXnygZNCzxjN7QsIR0,electroclash; hyperpop; witch house,hyperpop,hyperpop,1,0.3333,BABii|||Bassvictim,0,0,
Bassvictim,2hollis,7f8ydynRRnrJBqWxevKLcM,72NhFAGG5Pt91VbheJeEPG,electroclash; hyperpop; witch house,electroclash; hyperpop,electroclash; hyperpop,2,0.6667,2hollis|||Bassvictim,0,0,
The Hellp,the sound chalk makes,5DslL3PUa3BcRlCCEP64A4,4uiFRdH1ESOicHwBuTbsY5,electroclash; hyperpop; new rave,electroclash; hyperpop,electroclash; hyperpop,2,0.6667,The Hellp|||the sound chalk makes,0,0,
The Hellp,Lucy Bedroque,5DslL3PUa3BcRlCCEP64A4,2I8H267eH5va9da4vGt38O,electroclash; hyperpop; new rave,cloud rap; hyperpop; rage rap,hyperpop,1,0.2,Lucy Bedroque|||The Hellp,0,0,
The Hellp,Horse Vision,5DslL3PUa3BcRlCCEP64A4,28gAkTGnjn8QZllb4EU4OM,electroclash; hyperpop; new rave,,,0,0.0,Horse Vision|||The Hellp,0,0,
The Hellp,Mother Soki,5DslL3PUa3BcRlCCEP64A4,08W3G3y83p0TLqqjiyKXBk,electroclash; hyperpop; new rave,,,0,0.0,Mother Soki|||The Hellp,0,0,
The Hellp,bar italia,5DslL3PUa3BcRlCCEP64A4,6tYmTHApvspl6KAgTfHjAY,electroclash; hyperpop; new rave,lo-fi indie,,0,0.0,The Hellp|||bar italia,0,0,
The Hellp,daine,5DslL3PUa3BcRlCCEP64A4,4lyCoxLN0aW7nJy5rec0tG,electroclash; hyperpop; new rave,hyperpop,hyperpop,1,0.3333,The Hellp|||daine,0,0,
The Hellp,james K,5DslL3PUa3BcRlCCEP64A4,25BObiRSDCMwVrBGIVaLIf,electroclash; hyperpop; new rave,,,0,0.0,The Hellp|||james K,0,0,
The Hellp,underscores,5DslL3PUa3BcRlCCEP64A4,7HfUJxeVTgrvhk0eWHFzV7,electroclash; hyperpop; new rave,hyperpop,hyperpop,1,0.3333,The Hellp|||underscores,0,0,
The Hellp,Elias Rønnenfelt,5DslL3PUa3BcRlCCEP64A4,1sMYEFib6APIW3JjkY8pYS,electroclash; hyperpop; new rave,,,0,0.0,Elias Rønnenfelt|||The Hellp,0,0,
The Hellp,Bladee,5DslL3PUa3BcRlCCEP64A4,2xvtxDNInKDV4AvGmjw6d1,electroclash; hyperpop; new rave,cloud rap; hyperpop,hyperpop,1,0.25,Bladee|||The Hellp,0,0,
The Hellp,mark william lewis,5DslL3PUa3BcRlCCEP64A4,2r5elgyPQ19vDG3xSQn39k,electroclash; hyperpop; new rave,,,0,0.0,The Hellp|||mark william lewis,0,0,
The Hellp,Nourished by Time,5DslL3PUa3BcRlCCEP64A4,7zNkqI6qRr0OJ4XO1Pw29g,electroclash; hyperpop; new rave,indie electronic,,0,0.0,Nourished by Time|||The Hellp,0,0,
The Hellp,Alex G,5DslL3PUa3BcRlCCEP64A4,6lcwlkAjBPSKnFBZjjZFJs,electroclash; hyperpop; new rave,,,0,0.0,Alex G|||The Hellp,0,0,
The Hellp,Oklou,5DslL3PUa3BcRlCCEP64A4,6fFcUOFcbjeIuEomuUthkw,electroclash; hyperpop; new rave,art pop; hyperpop,hyperpop,1,0.25,Oklou|||The Hellp,0,0,
The Hellp,Dean Blunt,5DslL3PUa3BcRlCCEP64A4,5CFSYjc0PAiQvndFjafabk,electroclash; hyperpop; new rave,,,0,0.0,Dean Blunt|||The Hellp,0,0,
The Hellp,King Krule,5DslL3PUa3BcRlCCEP64A4,4wyNyxs74Ux8UIDopNjIai,electroclash; hyperpop; new rave,,,0,0.0,King Krule|||The Hellp,0,0,
The Hellp,A. G. Cook,5DslL3PUa3BcRlCCEP64A4,335TWGWGFan4vaacJzSiU8,electroclash; hyperpop; new rave,hyperpop,hyperpop,1,0.3333,A. G. Cook|||The Hellp,0,0,
The Hellp,Nation,5DslL3PUa3BcRlCCEP64A4,03D2b6ATNCne8B3D251ncQ,electroclash; hyperpop; new rave,electroclash; witch house,electroclash,1,0.25,Nation|||The Hellp,0,0,
The Hellp,The Dare,5DslL3PUa3BcRlCCEP64A4,2mqiqsaX4LzFnUP7PmHGAb,electroclash; hyperpop; new rave,electroclash,electroclash,1,0.3333,The Dare|||The Hellp,0,0,
The Hellp,Ecco2k,5DslL3PUa3BcRlCCEP64A4,6hG0VsXXlD10l60TqiIHIX,electroclash; hyperpop; new rave,cloud rap; hyperpop,hyperpop,1,0.25,Ecco2k|||The Hellp,0,0,
The Hellp,BABii,5DslL3PUa3BcRlCCEP64A4,30qGwXnygZNCzxjN7QsIR0,electroclash; hyperpop; new rave,hyperpop,hyperpop,1,0.3333,BABii|||The Hellp,0,0,
The Hellp,2hollis,5DslL3PUa3BcRlCCEP64A4,72NhFAGG5Pt91VbheJeEPG,electroclash; hyperpop; new rave,electroclash; hyperpop,electroclash; hyperpop,2,0.6667,2hollis|||The Hellp,0,0,
the sound chalk makes,Lucy Bedroque,4uiFRdH1ESOicHwBuTbsY5,2I8H267eH5va9da4vGt38O,electroclash; hyperpop,cloud rap; hyperpop; rage rap,hyperpop,1,0.25,Lucy Bedroque|||the sound chalk makes,0,0,
the sound chalk makes,Horse Vision,4uiFRdH1ESOicHwBuTbsY5,28gAkTGnjn8QZllb4EU4OM,electroclash; hyperpop,,,0,0.0,Horse Vision|||the sound chalk makes,0,0,
the sound chalk makes,Mother Soki,4uiFRdH1ESOicHwBuTbsY5,08W3G3y83p0TLqqjiyKXBk,electroclash; hyperpop,,,0,0.0,Mother Soki|||the sound chalk makes,0,0,
the sound chalk makes,bar italia,4uiFRdH1ESOicHwBuTbsY5,6tYmTHApvspl6KAgTfHjAY,electroclash; hyperpop,lo-fi indie,,0,0.0,bar italia|||the sound chalk makes,0,0,
the sound chalk makes,daine,4uiFRdH1ESOicHwBuTbsY5,4lyCoxLN0aW7nJy5rec0tG,electroclash; hyperpop,hyperpop,hyperpop,1,0.5,daine|||the sound chalk makes,0,0,
the sound chalk makes,james K,4uiFRdH1ESOicHwBuTbsY5,25BObiRSDCMwVrBGIVaLIf,electroclash; hyperpop,,,0,0.0,james K|||the sound chalk makes,0,0,
the sound chalk makes,underscores,4uiFRdH1ESOicHwBuTbsY5,7HfUJxeVTgrvhk0eWHFzV7,electroclash; hyperpop,hyperpop,hyperpop,1,0.5,the sound chalk makes|||underscores,0,0,
the sound chalk makes,Elias Rønnenfelt,4uiFRdH1ESOicHwBuTbsY5,1sMYEFib6APIW3JjkY8pYS,electroclash; hyperpop,,,0,0.0,Elias Rønnenfelt|||the sound chalk makes,0,0,
the sound chalk makes,Bladee,4uiFRdH1ESOicHwBuTbsY5,2xvtxDNInKDV4AvGmjw6d1,electroclash; hyperpop,cloud rap; hyperpop,hyperpop,1,0.3333,Bladee|||the sound chalk makes,0,0,
the sound chalk makes,mark william lewis,4uiFRdH1ESOicHwBuTbsY5,2r5elgyPQ19vDG3xSQn39k,electroclash; hyperpop,,,0,0.0,mark william lewis|||the sound chalk makes,0,0,
the sound chalk makes,Nourished by Time,4uiFRdH1ESOicHwBuTbsY5,7zNkqI6qRr0OJ4XO1Pw29g,electroclash; hyperpop,indie electronic,,0,0.0,Nourished by Time|||the sound chalk makes,0,0,
the sound chalk makes,Alex G,4uiFRdH1ESOicHwBuTbsY5,6lcwlkAjBPSKnFBZjjZFJs,electroclash; hyperpop,,,0,0.0,Alex G|||the sound chalk makes,0,0,
the sound chalk makes,Oklou,4uiFRdH1ESOicHwBuTbsY5,6fFcUOFcbjeIuEomuUthkw,electroclash; hyperpop,art pop; hyperpop,hyperpop,1,0.3333,Oklou|||the sound chalk makes,0,0,
the sound chalk makes,Dean Blunt,4uiFRdH1ESOicHwBuTbsY5,5CFSYjc0PAiQvndFjafabk,electroclash; hyperpop,,,0,0.0,Dean Blunt|||the sound chalk makes,0,0,
the sound chalk makes,King Krule,4uiFRdH1ESOicHwBuTbsY5,4wyNyxs74Ux8UIDopNjIai,electroclash; hyperpop,,,0,0.0,King Krule|||the sound chalk makes,0,0,
the sound chalk makes,A. G. Cook,4uiFRdH1ESOicHwBuTbsY5,335TWGWGFan4vaacJzSiU8,electroclash; hyperpop,hyperpop,hyperpop,1,0.5,A. G. Cook|||the sound chalk makes,0,0,
the sound chalk makes,Nation,4uiFRdH1ESOicHwBuTbsY5,03D2b6ATNCne8B3D251ncQ,electroclash; hyperpop,electroclash; witch house,electroclash,1,0.3333,Nation|||the sound chalk makes,0,0,
the sound chalk makes,The Dare,4uiFRdH1ESOicHwBuTbsY5,2mqiqsaX4LzFnUP7PmHGAb,electroclash; hyperpop,electroclash,electroclash,1,0.5,The Dare|||the sound chalk makes,0,0,
the sound chalk makes,Ecco2k,4uiFRdH1ESOicHwBuTbsY5,6hG0VsXXlD10l60TqiIHIX,electroclash; hyperpop,cloud rap; hyperpop,hyperpop,1,0.3333,Ecco2k|||the sound chalk makes,0,0,
the sound chalk makes,BABii,4uiFRdH1ESOicHwBuTbsY5,30qGwXnygZNCzxjN7QsIR0,electroclash; hyperpop,hyperpop,hyperpop,1,0.5,BABii|||the sound chalk makes,0,0,
the sound chalk makes,2hollis,4uiFRdH1ESOicHwBuTbsY5,72NhFAGG5Pt91VbheJeEPG,electroclash; hyperpop,electroclash; hyperpop,electroclash; hyperpop,2,1.0,2hollis|||the sound chalk makes,0,0,
Lucy Bedroque,Horse Vision,2I8H267eH5va9da4vGt38O,28gAkTGnjn8QZllb4EU4OM,cloud rap; hyperpop; rage rap,,,0,0.0,Horse Vision|||Lucy Bedroque,0,0,
Lucy Bedroque,Mother Soki,2I8H267eH5va9da4vGt38O,08W3G3y83p0TLqqjiyKXBk,cloud rap; hyperpop; rage rap,,,0,0.0,Lucy Bedroque|||Mother Soki,0,0,
Lucy Bedroque,bar italia,2I8H267eH5va9da4vGt38O,6tYmTHApvspl6KAgTfHjAY,cloud rap; hyperpop; rage rap,lo-fi indie,,0,0.0,Lucy Bedroque|||bar italia,0,0,
Lucy Bedroque,daine,2I8H267eH5va9da4vGt38O,4lyCoxLN0aW7nJy5rec0tG,cloud rap; hyperpop; rage rap,hyperpop,hyperpop,1,0.3333,Lucy Bedroque|||daine,0,0,
Lucy Bedroque,james K,2I8H267eH5va9da4vGt38O,25BObiRSDCMwVrBGIVaLIf,cloud rap; hyperpop; rage rap,,,0,0.0,Lucy Bedroque|||james K,0,0,
Lucy Bedroque,underscores,2I8H267eH5va9da4vGt38O,7HfUJxeVTgrvhk0eWHFzV7,cloud rap; hyperpop; rage rap,hyperpop,hyperpop,1,0.3333,Lucy Bedroque|||underscores,0,0,
Lucy Bedroque,Elias Rønnenfelt,2I8H267eH5va9da4vGt38O,1sMYEFib6APIW3JjkY8pYS,cloud rap; hyperpop; rage rap,,,0,0.0,Elias Rønnenfelt|||Lucy Bedroque,0,0,
Lucy Bedroque,Bladee,2I8H267eH5va9da4vGt38O,2xvtxDNInKDV4AvGmjw6d1,cloud rap; hyperpop; rage rap,cloud rap; hyperpop,cloud rap; hyperpop,2,0.6667,Bladee|||Lucy Bedroque,0,0,
Lucy Bedroque,mark william lewis,2I8H267eH5va9da4vGt38O,2r5elgyPQ19vDG3xSQn39k,cloud rap; hyperpop; rage rap,,,0,0.0,Lucy Bedroque|||mark william lewis,0,0,
Lucy Bedroque,Nourished by Time,2I8H267eH5va9da4vGt38O,7zNkqI6qRr0OJ4XO1Pw29g,cloud rap; hyperpop; rage rap,indie electronic,,0,0.0,Lucy Bedroque|||Nourished by Time,0,0,
Lucy Bedroque,Alex G,2I8H267eH5va9da4vGt38O,6lcwlkAjBPSKnFBZjjZFJs,cloud rap; hyperpop; rage rap,,,0,0.0,Alex G|||Lucy Bedroque,0,0,
Lucy Bedroque,Oklou,2I8H267eH5va9da4vGt38O,6fFcUOFcbjeIuEomuUthkw,cloud rap; hyperpop; rage rap,art pop; hyperpop,hyperpop,1,0.25,Lucy Bedroque|||Oklou,0,0,
Lucy Bedroque,Dean Blunt,2I8H267eH5va9da4vGt38O,5CFSYjc0PAiQvndFjafabk,cloud rap; hyperpop; rage rap,,,0,0.0,Dean Blunt|||Lucy Bedroque,0,0,
Lucy Bedroque,King Krule,2I8H267eH5va9da4vGt38O,4wyNyxs74Ux8UIDopNjIai,cloud rap; hyperpop; rage rap,,,0,0.0,King Krule|||Lucy Bedroque,0,0,
Lucy Bedroque,A. G. Cook,2I8H267eH5va9da4vGt38O,335TWGWGFan4vaacJzSiU8,cloud rap; hyperpop; rage rap,hyperpop,hyperpop,1,0.3333,A. G. Cook|||Lucy Bedroque,0,0,
Lucy Bedroque,Nation,2I8H267eH5va9da4vGt38O,03D2b6ATNCne8B3D251ncQ,cloud rap; hyperpop; rage rap,electroclash; witch house,,0,0.0,Lucy Bedroque|||Nation,0,0,
Lucy Bedroque,The Dare,2I8H267eH5va9da4vGt38O,2mqiqsaX4LzFnUP7PmHGAb,cloud rap; hyperpop; rage rap,electroclash,,0,0.0,Lucy Bedroque|||The Dare,0,0,
Lucy Bedroque,Ecco2k,2I8H267eH5va9da4vGt38O,6hG0VsXXlD10l60TqiIHIX,cloud rap; hyperpop; rage rap,cloud rap; hyperpop,cloud rap; hyperpop,2,0.6667,Ecco2k|||Lucy Bedroque,0,0,
Lucy Bedroque,BABii,2I8H267eH5va9da4vGt38O,30qGwXnygZNCzxjN7QsIR0,cloud rap; hyperpop; rage rap,hyperpop,hyperpop,1,0.3333,BABii|||Lucy Bedroque,0,0,
Lucy Bedroque,2hollis,2I8H267eH5va9da4vGt38O,72NhFAGG5Pt91VbheJeEPG,cloud rap; hyperpop; rage rap,electroclash; hyperpop,hyperpop,1,0.25,2hollis|||Lucy Bedroque,0,0,
Horse Vision,Mother Soki,28gAkTGnjn8QZllb4EU4OM,08W3G3y83p0TLqqjiyKXBk,,,,0,0.0,Horse Vision|||Mother Soki,0,0,
Horse Vision,bar italia,28gAkTGnjn8QZllb4EU4OM,6tYmTHApvspl6KAgTfHjAY,,lo-fi indie,,0,0.0,Horse Vision|||bar italia,0,0,
Horse Vision,daine,28gAkTGnjn8QZllb4EU4OM,4lyCoxLN0aW7nJy5rec0tG,,hyperpop,,0,0.0,Horse Vision|||daine,0,0,
Horse Vision,james K,28gAkTGnjn8QZllb4EU4OM,25BObiRSDCMwVrBGIVaLIf,,,,0,0.0,Horse Vision|||james K,0,0,
Horse Vision,underscores,28gAkTGnjn8QZllb4EU4OM,7HfUJxeVTgrvhk0eWHFzV7,,hyperpop,,0,0.0,Horse Vision|||underscores,0,0,
Horse Vision,Elias Rønnenfelt,28gAkTGnjn8QZllb4EU4OM,1sMYEFib6APIW3JjkY8pYS,,,,0,0.0,Elias Rønnenfelt|||Horse Vision,0,0,
Horse Vision,Bladee,28gAkTGnjn8QZllb4EU4OM,2xvtxDNInKDV4AvGmjw6d1,,cloud rap; hyperpop,,0,0.0,Bladee|||Horse Vision,0,0,
Horse Vision,mark william lewis,28gAkTGnjn8QZllb4EU4OM,2r5elgyPQ19vDG3xSQn39k,,,,0,0.0,Horse Vision|||mark william lewis,0,0,
Horse Vision,Nourished by Time,28gAkTGnjn8QZllb4EU4OM,7zNkqI6qRr0OJ4XO1Pw29g,,indie electronic,,0,0.0,Horse Vision|||Nourished by Time,0,0,
Horse Vision,Alex G,28gAkTGnjn8QZllb4EU4OM,6lcwlkAjBPSKnFBZjjZFJs,,,,0,0.0,Alex G|||Horse Vision,0,0,
Horse Vision,Oklou,28gAkTGnjn8QZllb4EU4OM,6fFcUOFcbjeIuEomuUthkw,,art pop; hyperpop,,0,0.0,Horse Vision|||Oklou,0,0,
Horse Vision,Dean Blunt,28gAkTGnjn8QZllb4EU4OM,5CFSYjc0PAiQvndFjafabk,,,,0,0.0,Dean Blunt|||Horse Vision,0,0,
Horse Vision,King Krule,28gAkTGnjn8QZllb4EU4OM,4wyNyxs74Ux8UIDopNjIai,,,,0,0.0,Horse Vision|||King Krule,0,0,
Horse Vision,A. G. Cook,28gAkTGnjn8QZllb4EU4OM,335TWGWGFan4vaacJzSiU8,,hyperpop,,0,0.0,A. G. Cook|||Horse Vision,0,0,
Horse Vision,Nation,28gAkTGnjn8QZllb4EU4OM,03D2b6ATNCne8B3D251ncQ,,electroclash; witch house,,0,0.0,Horse Vision|||Nation,0,0,
Horse Vision,The Dare,28gAkTGnjn8QZllb4EU4OM,2mqiqsaX4LzFnUP7PmHGAb,,electroclash,,0,0.0,Horse Vision|||The Dare,0,0,
Horse Vision,Ecco2k,28gAkTGnjn8QZllb4EU4OM,6hG0VsXXlD10l60TqiIHIX,,cloud rap; hyperpop,,0,0.0,Ecco2k|||Horse Vision,0,0,
Horse Vision,BABii,28gAkTGnjn8QZllb4EU4OM,30qGwXnygZNCzxjN7QsIR0,,hyperpop,,0,0.0,BABii|||Horse Vision,0,0,
Horse Vision,2hollis,28gAkTGnjn8QZllb4EU4OM,72NhFAGG5Pt91VbheJeEPG,,electroclash; hyperpop,,0,0.0,2hollis|||Horse Vision,0,0,
Mother Soki,bar italia,08W3G3y83p0TLqqjiyKXBk,6tYmTHApvspl6KAgTfHjAY,,lo-fi indie,,0,0.0,Mother Soki|||bar italia,0,0,
Mother Soki,daine,08W3G3y83p0TLqqjiyKXBk,4lyCoxLN0aW7nJy5rec0tG,,hyperpop,,0,0.0,Mother Soki|||daine,0,0,
Mother Soki,james K,08W3G3y83p0TLqqjiyKXBk,25BObiRSDCMwVrBGIVaLIf,,,,0,0.0,Mother Soki|||james K,0,0,
Mother Soki,underscores,08W3G3y83p0TLqqjiyKXBk,7HfUJxeVTgrvhk0eWHFzV7,,hyperpop,,0,0.0,Mother Soki|||underscores,0,0,
Mother Soki,Elias Rønnenfelt,08W3G3y83p0TLqqjiyKXBk,1sMYEFib6APIW3JjkY8pYS,,,,0,0.0,Elias Rønnenfelt|||Mother Soki,0,0,
Mother Soki,Bladee,08W3G3y83p0TLqqjiyKXBk,2xvtxDNInKDV4AvGmjw6d1,,cloud rap; hyperpop,,0,0.0,Bladee|||Mother Soki,0,0,
Mother Soki,mark william lewis,08W3G3y83p0TLqqjiyKXBk,2r5elgyPQ19vDG3xSQn39k,,,,0,0.0,Mother Soki|||mark william lewis,0,0,
Mother Soki,Nourished by Time,08W3G3y83p0TLqqjiyKXBk,7zNkqI6qRr0OJ4XO1Pw29g,,indie electronic,,0,0.0,Mother Soki|||Nourished by Time,0,0,
Mother Soki,Alex G,08W3G3y83p0TLqqjiyKXBk,6lcwlkAjBPSKnFBZjjZFJs,,,,0,0.0,Alex G|||Mother Soki,0,0,
Mother Soki,Oklou,08W3G3y83p0TLqqjiyKXBk,6fFcUOFcbjeIuEomuUthkw,,art pop; hyperpop,,0,0.0,Mother Soki|||Oklou,0,0,
Mother Soki,Dean Blunt,08W3G3y83p0TLqqjiyKXBk,5CFSYjc0PAiQvndFjafabk,,,,0,0.0,Dean Blunt|||Mother Soki,0,0,
Mother Soki,King Krule,08W3G3y83p0TLqqjiyKXBk,4wyNyxs74Ux8UIDopNjIai,,,,0,0.0,King Krule|||Mother Soki,0,0,
Mother Soki,A. G. Cook,08W3G3y83p0TLqqjiyKXBk,335TWGWGFan4vaacJzSiU8,,hyperpop,,0,0.0,A. G. Cook|||Mother Soki,0,0,
Mother Soki,Nation,08W3G3y83p0TLqqjiyKXBk,03D2b6ATNCne8B3D251ncQ,,electroclash; witch house,,0,0.0,Mother Soki|||Nation,0,0,
Mother Soki,The Dare,08W3G3y83p0TLqqjiyKXBk,2mqiqsaX4LzFnUP7PmHGAb,,electroclash,,0,0.0,Mother Soki|||The Dare,0,0,
Mother Soki,Ecco2k,08W3G3y83p0TLqqjiyKXBk,6hG0VsXXlD10l60TqiIHIX,,cloud rap; hyperpop,,0,0.0,Ecco2k|||Mother Soki,0,0,
Mother Soki,BABii,08W3G3y83p0TLqqjiyKXBk,30qGwXnygZNCzxjN7QsIR0,,hyperpop,,0,0.0,BABii|||Mother Soki,0,0,
Mother Soki,2hollis,08W3G3y83p0TLqqjiyKXBk,72NhFAGG5Pt91VbheJeEPG,,electroclash; hyperpop,,0,0.0,2hollis|||Mother Soki,0,0,
bar italia,daine,6tYmTHApvspl6KAgTfHjAY,4lyCoxLN0aW7nJy5rec0tG,lo-fi indie,hyperpop,,0,0.0,bar italia|||daine,0,0,
bar italia,james K,6tYmTHApvspl6KAgTfHjAY,25BObiRSDCMwVrBGIVaLIf,lo-fi indie,,,0,0.0,bar italia|||james K,0,0,
bar italia,underscores,6tYmTHApvspl6KAgTfHjAY,7HfUJxeVTgrvhk0eWHFzV7,lo-fi indie,hyperpop,,0,0.0,bar italia|||underscores,0,0,
bar italia,Elias Rønnenfelt,6tYmTHApvspl6KAgTfHjAY,1sMYEFib6APIW3JjkY8pYS,lo-fi indie,,,0,0.0,Elias Rønnenfelt|||bar italia,0,0,
bar italia,Bladee,6tYmTHApvspl6KAgTfHjAY,2xvtxDNInKDV4AvGmjw6d1,lo-fi indie,cloud rap; hyperpop,,0,0.0,Bladee|||bar italia,0,0,
bar italia,mark william lewis,6tYmTHApvspl6KAgTfHjAY,2r5elgyPQ19vDG3xSQn39k,lo-fi indie,,,0,0.0,bar italia|||mark william lewis,0,0,
bar italia,Nourished by Time,6tYmTHApvspl6KAgTfHjAY,7zNkqI6qRr0OJ4XO1Pw29g,lo-fi indie,indie electronic,,0,0.0,Nourished by Time|||bar italia,0,0,
bar italia,Alex G,6tYmTHApvspl6KAgTfHjAY,6lcwlkAjBPSKnFBZjjZFJs,lo-fi indie,,,0,0.0,Alex G|||bar italia,0,0,
bar italia,Oklou,6tYmTHApvspl6KAgTfHjAY,6fFcUOFcbjeIuEomuUthkw,lo-fi indie,art pop; hyperpop,,0,0.0,Oklou|||bar italia,0,0,
bar italia,Dean Blunt,6tYmTHApvspl6KAgTfHjAY,5CFSYjc0PAiQvndFjafabk,lo-fi indie,,,0,0.0,Dean Blunt|||bar italia,0,0,
bar italia,King Krule,6tYmTHApvspl6KAgTfHjAY,4wyNyxs74Ux8UIDopNjIai,lo-fi indie,,,0,0.0,King Krule|||bar italia,0,0,
bar italia,A. G. Cook,6tYmTHApvspl6KAgTfHjAY,335TWGWGFan4vaacJzSiU8,lo-fi indie,hyperpop,,0,0.0,A. G. Cook|||bar italia,0,0,
bar italia,Nation,6tYmTHApvspl6KAgTfHjAY,03D2b6ATNCne8B3D251ncQ,lo-fi indie,electroclash; witch house,,0,0.0,Nation|||bar italia,0,0,
bar italia,The Dare,6tYmTHApvspl6KAgTfHjAY,2mqiqsaX4LzFnUP7PmHGAb,lo-fi indie,electroclash,,0,0.0,The Dare|||bar italia,0,0,
bar italia,Ecco2k,6tYmTHApvspl6KAgTfHjAY,6hG0VsXXlD10l60TqiIHIX,lo-fi indie,cloud rap; hyperpop,,0,0.0,Ecco2k|||bar italia,0,0,
bar italia,BABii,6tYmTHApvspl6KAgTfHjAY,30qGwXnygZNCzxjN7QsIR0,lo-fi indie,hyperpop,,0,0.0,BABii|||bar italia,0,0,
bar italia,2hollis,6tYmTHApvspl6KAgTfHjAY,72NhFAGG5Pt91VbheJeEPG,lo-fi indie,electroclash; hyperpop,,0,0.0,2hollis|||bar italia,0,0,
daine,james K,4lyCoxLN0aW7nJy5rec0tG,25BObiRSDCMwVrBGIVaLIf,hyperpop,,,0,0.0,daine|||james K,0,0,
daine,underscores,4lyCoxLN0aW7nJy5rec0tG,7HfUJxeVTgrvhk0eWHFzV7,hyperpop,hyperpop,hyperpop,1,1.0,daine|||underscores,1,1,"It's You - underscores' ""It’s U"" Remix"
daine,Elias Rønnenfelt,4lyCoxLN0aW7nJy5rec0tG,1sMYEFib6APIW3JjkY8pYS,hyperpop,,,0,0.0,Elias Rønnenfelt|||daine,0,0,
daine,Bladee,4lyCoxLN0aW7nJy5rec0tG,2xvtxDNInKDV4AvGmjw6d1,hyperpop,cloud rap; hyperpop,hyperpop,1,0.5,Bladee|||daine,0,0,
daine,mark william lewis,4lyCoxLN0aW7nJy5rec0tG,2r5elgyPQ19vDG3xSQn39k,hyperpop,,,0,0.0,daine|||mark william lewis,0,0,
daine,Nourished by Time,4lyCoxLN0aW7nJy5rec0tG,7zNkqI6qRr0OJ4XO1Pw29g,hyperpop,indie electronic,,0,0.0,Nourished by Time|||daine,0,0,
daine,Alex G,4lyCoxLN0aW7nJy5rec0tG,6lcwlkAjBPSKnFBZjjZFJs,hyperpop,,,0,0.0,Alex G|||daine,0,0,
daine,Oklou,4lyCoxLN0aW7nJy5rec0tG,6fFcUOFcbjeIuEomuUthkw,hyperpop,art pop; hyperpop,hyperpop,1,0.5,Oklou|||daine,0,0,
daine,Dean Blunt,4lyCoxLN0aW7nJy5rec0tG,5CFSYjc0PAiQvndFjafabk,hyperpop,,,0,0.0,Dean Blunt|||daine,0,0,
daine,King Krule,4lyCoxLN0aW7nJy5rec0tG,4wyNyxs74Ux8UIDopNjIai,hyperpop,,,0,0.0,King Krule|||daine,0,0,
daine,A. G. Cook,4lyCoxLN0aW7nJy5rec0tG,335TWGWGFan4vaacJzSiU8,hyperpop,hyperpop,hyperpop,1,1.0,A. G. Cook|||daine,0,0,
daine,Nation,4lyCoxLN0aW7nJy5rec0tG,03D2b6ATNCne8B3D251ncQ,hyperpop,electroclash; witch house,,0,0.0,Nation|||daine,0,0,
daine,The Dare,4lyCoxLN0aW7nJy5rec0tG,2mqiqsaX4LzFnUP7PmHGAb,hyperpop,electroclash,,0,0.0,The Dare|||daine,0,0,
daine,Ecco2k,4lyCoxLN0aW7nJy5rec0tG,6hG0VsXXlD10l60TqiIHIX,hyperpop,cloud rap; hyperpop,hyperpop,1,0.5,Ecco2k|||daine,0,0,
daine,BABii,4lyCoxLN0aW7nJy5rec0tG,30qGwXnygZNCzxjN7QsIR0,hyperpop,hyperpop,hyperpop,1,1.0,BABii|||daine,0,0,
daine,2hollis,4lyCoxLN0aW7nJy5rec0tG,72NhFAGG5Pt91VbheJeEPG,hyperpop,electroclash; hyperpop,hyperpop,1,0.5,2hollis|||daine,0,0,
james K,underscores,25BObiRSDCMwVrBGIVaLIf,7HfUJxeVTgrvhk0eWHFzV7,,hyperpop,,0,0.0,james K|||underscores,0,0,
james K,Elias Rønnenfelt,25BObiRSDCMwVrBGIVaLIf,1sMYEFib6APIW3JjkY8pYS,,,,0,0.0,Elias Rønnenfelt|||james K,0,0,
james K,Bladee,25BObiRSDCMwVrBGIVaLIf,2xvtxDNInKDV4AvGmjw6d1,,cloud rap; hyperpop,,0,0.0,Bladee|||james K,0,0,
james K,mark william lewis,25BObiRSDCMwVrBGIVaLIf,2r5elgyPQ19vDG3xSQn39k,,,,0,0.0,james K|||mark william lewis,0,0,
james K,Nourished by Time,25BObiRSDCMwVrBGIVaLIf,7zNkqI6qRr0OJ4XO1Pw29g,,indie electronic,,0,0.0,Nourished by Time|||james K,0,0,
james K,Alex G,25BObiRSDCMwVrBGIVaLIf,6lcwlkAjBPSKnFBZjjZFJs,,,,0,0.0,Alex G|||james K,0,0,
james K,Oklou,25BObiRSDCMwVrBGIVaLIf,6fFcUOFcbjeIuEomuUthkw,,art pop; hyperpop,,0,0.0,Oklou|||james K,0,0,
james K,Dean Blunt,25BObiRSDCMwVrBGIVaLIf,5CFSYjc0PAiQvndFjafabk,,,,0,0.0,Dean Blunt|||james K,0,0,
james K,King Krule,25BObiRSDCMwVrBGIVaLIf,4wyNyxs74Ux8UIDopNjIai,,,,0,0.0,King Krule|||james K,0,0,
james K,A. G. Cook,25BObiRSDCMwVrBGIVaLIf,335TWGWGFan4vaacJzSiU8,,hyperpop,,0,0.0,A. G. Cook|||james K,0,0,
james K,Nation,25BObiRSDCMwVrBGIVaLIf,03D2b6ATNCne8B3D251ncQ,,electroclash; witch house,,0,0.0,Nation|||james K,0,0,
james K,The Dare,25BObiRSDCMwVrBGIVaLIf,2mqiqsaX4LzFnUP7PmHGAb,,electroclash,,0,0.0,The Dare|||james K,0,0,
james K,Ecco2k,25BObiRSDCMwVrBGIVaLIf,6hG0VsXXlD10l60TqiIHIX,,cloud rap; hyperpop,,0,0.0,Ecco2k|||james K,0,0,
james K,BABii,25BObiRSDCMwVrBGIVaLIf,30qGwXnygZNCzxjN7QsIR0,,hyperpop,,0,0.0,BABii|||james K,0,0,
james K,2hollis,25BObiRSDCMwVrBGIVaLIf,72NhFAGG5Pt91VbheJeEPG,,electroclash; hyperpop,,0,0.0,2hollis|||james K,0,0,
underscores,Elias Rønnenfelt,7HfUJxeVTgrvhk0eWHFzV7,1sMYEFib6APIW3JjkY8pYS,hyperpop,,,0,0.0,Elias Rønnenfelt|||underscores,0,0,
underscores,Bladee,7HfUJxeVTgrvhk0eWHFzV7,2xvtxDNInKDV4AvGmjw6d1,hyperpop,cloud rap; hyperpop,hyperpop,1,0.5,Bladee|||underscores,0,0,
underscores,mark william lewis,7HfUJxeVTgrvhk0eWHFzV7,2r5elgyPQ19vDG3xSQn39k,hyperpop,,,0,0.0,mark william lewis|||underscores,0,0,
underscores,Nourished by Time,7HfUJxeVTgrvhk0eWHFzV7,7zNkqI6qRr0OJ4XO1Pw29g,hyperpop,indie electronic,,0,0.0,Nourished by Time|||underscores,0,0,
underscores,Alex G,7HfUJxeVTgrvhk0eWHFzV7,6lcwlkAjBPSKnFBZjjZFJs,hyperpop,,,0,0.0,Alex G|||underscores,0,0,
underscores,Oklou,7HfUJxeVTgrvhk0eWHFzV7,6fFcUOFcbjeIuEomuUthkw,hyperpop,art pop; hyperpop,hyperpop,1,0.5,Oklou|||underscores,1,12,harvest sky - Danny L Harle C Mix; harvest sky - Milkfish Remix; harvest sky; harvest sky - Milkfish Remix; harvest sky - Danny L Harle C Mix; harvest sky; harvest sky; harvest sky; harvest sky; harvest sky
underscores,Dean Blunt,7HfUJxeVTgrvhk0eWHFzV7,5CFSYjc0PAiQvndFjafabk,hyperpop,,,0,0.0,Dean Blunt|||underscores,0,0,
underscores,King Krule,7HfUJxeVTgrvhk0eWHFzV7,4wyNyxs74Ux8UIDopNjIai,hyperpop,,,0,0.0,King Krule|||underscores,0,0,
underscores,A. G. Cook,7HfUJxeVTgrvhk0eWHFzV7,335TWGWGFan4vaacJzSiU8,hyperpop,hyperpop,hyperpop,1,1.0,A. G. Cook|||underscores,0,0,
underscores,Nation,7HfUJxeVTgrvhk0eWHFzV7,03D2b6ATNCne8B3D251ncQ,hyperpop,electroclash; witch house,,0,0.0,Nation|||underscores,0,0,
underscores,The Dare,7HfUJxeVTgrvhk0eWHFzV7,2mqiqsaX4LzFnUP7PmHGAb,hyperpop,electroclash,,0,0.0,The Dare|||underscores,0,0,
underscores,Ecco2k,7HfUJxeVTgrvhk0eWHFzV7,6hG0VsXXlD10l60TqiIHIX,hyperpop,cloud rap; hyperpop,hyperpop,1,0.5,Ecco2k|||underscores,0,0,
underscores,BABii,7HfUJxeVTgrvhk0eWHFzV7,30qGwXnygZNCzxjN7QsIR0,hyperpop,hyperpop,hyperpop,1,1.0,BABii|||underscores,0,0,
underscores,2hollis,7HfUJxeVTgrvhk0eWHFzV7,72NhFAGG5Pt91VbheJeEPG,hyperpop,electroclash; hyperpop,hyperpop,1,0.5,2hollis|||underscores,0,0,
Elias Rønnenfelt,Bladee,1sMYEFib6APIW3JjkY8pYS,2xvtxDNInKDV4AvGmjw6d1,,cloud rap; hyperpop,,0,0.0,Bladee|||Elias Rønnenfelt,0,0,
Elias Rønnenfelt,mark william lewis,1sMYEFib6APIW3JjkY8pYS,2r5elgyPQ19vDG3xSQn39k,,,,0,0.0,Elias Rønnenfelt|||mark william lewis,0,0,
Elias Rønnenfelt,Nourished by Time,1sMYEFib6APIW3JjkY8pYS,7zNkqI6qRr0OJ4XO1Pw29g,,indie electronic,,0,0.0,Elias Rønnenfelt|||Nourished by Time,0,0,
Elias Rønnenfelt,Alex G,1sMYEFib6APIW3JjkY8pYS,6lcwlkAjBPSKnFBZjjZFJs,,,,0,0.0,Alex G|||Elias Rønnenfelt,0,0,
Elias Rønnenfelt,Oklou,1sMYEFib6APIW3JjkY8pYS,6fFcUOFcbjeIuEomuUthkw,,art pop; hyperpop,,0,0.0,Elias Rønnenfelt|||Oklou,0,0,
Elias Rønnenfelt,Dean Blunt,1sMYEFib6APIW3JjkY8pYS,5CFSYjc0PAiQvndFjafabk,,,,0,0.0,Dean Blunt|||Elias Rønnenfelt,1,10,1; 2; 3; 4; 5; 6; 7; tears on his rings and chains; repeat offenders; Smile Please
Elias Rønnenfelt,King Krule,1sMYEFib6APIW3JjkY8pYS,4wyNyxs74Ux8UIDopNjIai,,,,0,0.0,Elias Rønnenfelt|||King Krule,0,0,
Elias Rønnenfelt,A. G. Cook,1sMYEFib6APIW3JjkY8pYS,335TWGWGFan4vaacJzSiU8,,hyperpop,,0,0.0,A. G. Cook|||Elias Rønnenfelt,0,0,
Elias Rønnenfelt,Nation,1sMYEFib6APIW3JjkY8pYS,03D2b6ATNCne8B3D251ncQ,,electroclash; witch house,,0,0.0,Elias Rønnenfelt|||Nation,0,0,
Elias Rønnenfelt,The Dare,1sMYEFib6APIW3JjkY8pYS,2mqiqsaX4LzFnUP7PmHGAb,,electroclash,,0,0.0,Elias Rønnenfelt|||The Dare,1,1,Close - The Dare Remix
Elias Rønnenfelt,Ecco2k,1sMYEFib6APIW3JjkY8pYS,6hG0VsXXlD10l60TqiIHIX,,cloud rap; hyperpop,,0,0.0,Ecco2k|||Elias Rønnenfelt,0,0,
Elias Rønnenfelt,BABii,1sMYEFib6APIW3JjkY8pYS,30qGwXnygZNCzxjN7QsIR0,,hyperpop,,0,0.0,BABii|||Elias Rønnenfelt,0,0,
Elias Rønnenfelt,2hollis,1sMYEFib6APIW3JjkY8pYS,72NhFAGG5Pt91VbheJeEPG,,electroclash; hyperpop,,0,0.0,2hollis|||Elias Rønnenfelt,0,0,
Bladee,mark william lewis,2xvtxDNInKDV4AvGmjw6d1,2r5elgyPQ19vDG3xSQn39k,cloud rap; hyperpop,,,0,0.0,Bladee|||mark william lewis,0,0,
Bladee,Nourished by Time,2xvtxDNInKDV4AvGmjw6d1,7zNkqI6qRr0OJ4XO1Pw29g,cloud rap; hyperpop,indie electronic,,0,0.0,Bladee|||Nourished by Time,0,0,
Bladee,Alex G,2xvtxDNInKDV4AvGmjw6d1,6lcwlkAjBPSKnFBZjjZFJs,cloud rap; hyperpop,,,0,0.0,Alex G|||Bladee,0,0,
Bladee,Oklou,2xvtxDNInKDV4AvGmjw6d1,6fFcUOFcbjeIuEomuUthkw,cloud rap; hyperpop,art pop; hyperpop,hyperpop,1,0.3333,Bladee|||Oklou,1,9,take me by the hand; take me by the hand; take me by the hand; take me by the hand; Rainbow - make it double Oklou Mix; take me by the hand - Aaron Hibell remix; take me by the hand; Rainbow - make it double Oklou Mix; take me by the hand - Aaron Hibell remix
Bladee,Dean Blunt,2xvtxDNInKDV4AvGmjw6d1,5CFSYjc0PAiQvndFjafabk,cloud rap; hyperpop,,,0,0.0,Bladee|||Dean Blunt,0,0,
Bladee,King Krule,2xvtxDNInKDV4AvGmjw6d1,4wyNyxs74Ux8UIDopNjIai,cloud rap; hyperpop,,,0,0.0,Bladee|||King Krule,0,0,
Bladee,A. G. Cook,2xvtxDNInKDV4AvGmjw6d1,335TWGWGFan4vaacJzSiU8,cloud rap; hyperpop,hyperpop,hyperpop,1,0.5,A. G. Cook|||Bladee,1,2,Rewind featuring bladee; Rewind featuring bladee
Bladee,Nation,2xvtxDNInKDV4AvGmjw6d1,03D2b6ATNCne8B3D251ncQ,cloud rap; hyperpop,electroclash; witch house,,0,0.0,Bladee|||Nation,1,1,Every Summer
Bladee,The Dare,2xvtxDNInKDV4AvGmjw6d1,2mqiqsaX4LzFnUP7PmHGAb,cloud rap; hyperpop,electroclash,,0,0.0,Bladee|||The Dare,0,0,
Bladee,Ecco2k,2xvtxDNInKDV4AvGmjw6d1,6hG0VsXXlD10l60TqiIHIX,cloud rap; hyperpop,cloud rap; hyperpop,cloud rap; hyperpop,2,1.0,Bladee|||Ecco2k,1,43,COLD VISIONS (OUTRO 2); DiSASTER PRELUDE; The Flag is Raised; 5 Star Crest (4 Vattenrum); White Meadow; Faust; Yeses (Red Cross); Desire is a Trap; Chaos Follows; Girls Just Want to Have Fun
Bladee,BABii,2xvtxDNInKDV4AvGmjw6d1,30qGwXnygZNCzxjN7QsIR0,cloud rap; hyperpop,hyperpop,hyperpop,1,0.5,BABii|||Bladee,0,0,
Bladee,2hollis,2xvtxDNInKDV4AvGmjw6d1,72NhFAGG5Pt91VbheJeEPG,cloud rap; hyperpop,electroclash; hyperpop,hyperpop,1,0.3333,2hollis|||Bladee,0,0,
mark william lewis,Nourished by Time,2r5elgyPQ19vDG3xSQn39k,7zNkqI6qRr0OJ4XO1Pw29g,,indie electronic,,0,0.0,Nourished by Time|||mark william lewis,0,0,
mark william lewis,Alex G,2r5elgyPQ19vDG3xSQn39k,6lcwlkAjBPSKnFBZjjZFJs,,,,0,0.0,Alex G|||mark william lewis,0,0,
mark william lewis,Oklou,2r5elgyPQ19vDG3xSQn39k,6fFcUOFcbjeIuEomuUthkw,,art pop; hyperpop,,0,0.0,Oklou|||mark william lewis,0,0,
mark william lewis,Dean Blunt,2r5elgyPQ19vDG3xSQn39k,5CFSYjc0PAiQvndFjafabk,,,,0,0.0,Dean Blunt|||mark william lewis,0,0,
mark william lewis,King Krule,2r5elgyPQ19vDG3xSQn39k,4wyNyxs74Ux8UIDopNjIai,,,,0,0.0,King Krule|||mark william lewis,0,0,
mark william lewis,A. G. Cook,2r5elgyPQ19vDG3xSQn39k,335TWGWGFan4vaacJzSiU8,,hyperpop,,0,0.0,A. G. Cook|||mark william lewis,0,0,
mark william lewis,Nation,2r5elgyPQ19vDG3xSQn39k,03D2b6ATNCne8B3D251ncQ,,electroclash; witch house,,0,0.0,Nation|||mark william lewis,0,0,
mark william lewis,The Dare,2r5elgyPQ19vDG3xSQn39k,2mqiqsaX4LzFnUP7PmHGAb,,electroclash,,0,0.0,The Dare|||mark william lewis,0,0,
mark william lewis,Ecco2k,2r5elgyPQ19vDG3xSQn39k,6hG0VsXXlD10l60TqiIHIX,,cloud rap; hyperpop,,0,0.0,Ecco2k|||mark william lewis,0,0,
mark william lewis,BABii,2r5elgyPQ19vDG3xSQn39k,30qGwXnygZNCzxjN7QsIR0,,hyperpop,,0,0.0,BABii|||mark william lewis,0,0,
mark william lewis,2hollis,2r5elgyPQ19vDG3xSQn39k,72NhFAGG5Pt91VbheJeEPG,,electroclash; hyperpop,,0,0.0,2hollis|||mark william lewis,0,0,
Nourished by Time,Alex G,7zNkqI6qRr0OJ4XO1Pw29g,6lcwlkAjBPSKnFBZjjZFJs,indie electronic,,,0,0.0,Alex G|||Nourished by Time,0,0,
Nourished by Time,Oklou,7zNkqI6qRr0OJ4XO1Pw29g,6fFcUOFcbjeIuEomuUthkw,indie electronic,art pop; hyperpop,,0,0.0,Nourished by Time|||Oklou,0,0,
Nourished by Time,Dean Blunt,7zNkqI6qRr0OJ4XO1Pw29g,5CFSYjc0PAiQvndFjafabk,indie electronic,,,0,0.0,Dean Blunt|||Nourished by Time,0,0,
Nourished by Time,King Krule,7zNkqI6qRr0OJ4XO1Pw29g,4wyNyxs74Ux8UIDopNjIai,indie electronic,,,0,0.0,King Krule|||Nourished by Time,0,0,
Nourished by Time,A. G. Cook,7zNkqI6qRr0OJ4XO1Pw29g,335TWGWGFan4vaacJzSiU8,indie electronic,hyperpop,,0,0.0,A. G. Cook|||Nourished by Time,0,0,
Nourished by Time,Nation,7zNkqI6qRr0OJ4XO1Pw29g,03D2b6ATNCne8B3D251ncQ,indie electronic,electroclash; witch house,,0,0.0,Nation|||Nourished by Time,0,0,
Nourished by Time,The Dare,7zNkqI6qRr0OJ4XO1Pw29g,2mqiqsaX4LzFnUP7PmHGAb,indie electronic,electroclash,,0,0.0,Nourished by Time|||The Dare,0,0,
Nourished by Time,Ecco2k,7zNkqI6qRr0OJ4XO1Pw29g,6hG0VsXXlD10l60TqiIHIX,indie electronic,cloud rap; hyperpop,,0,0.0,Ecco2k|||Nourished by Time,0,0,
Nourished by Time,BABii,7zNkqI6qRr0OJ4XO1Pw29g,30qGwXnygZNCzxjN7QsIR0,indie electronic,hyperpop,,0,0.0,BABii|||Nourished by Time,0,0,
Nourished by Time,2hollis,7zNkqI6qRr0OJ4XO1Pw29g,72NhFAGG5Pt91VbheJeEPG,indie electronic,electroclash; hyperpop,,0,0.0,2hollis|||Nourished by Time,0,0,
Alex G,Oklou,6lcwlkAjBPSKnFBZjjZFJs,6fFcUOFcbjeIuEomuUthkw,,art pop; hyperpop,,0,0.0,Alex G|||Oklou,0,0,
Alex G,Dean Blunt,6lcwlkAjBPSKnFBZjjZFJs,5CFSYjc0PAiQvndFjafabk,,,,0,0.0,Alex G|||Dean Blunt,0,0,
Alex G,King Krule,6lcwlkAjBPSKnFBZjjZFJs,4wyNyxs74Ux8UIDopNjIai,,,,0,0.0,Alex G|||King Krule,0,0,
Alex G,A. G. Cook,6lcwlkAjBPSKnFBZjjZFJs,335TWGWGFan4vaacJzSiU8,,hyperpop,,0,0.0,A. G. Cook|||Alex G,0,0,
Alex G,Nation,6lcwlkAjBPSKnFBZjjZFJs,03D2b6ATNCne8B3D251ncQ,,electroclash; witch house,,0,0.0,Alex G|||Nation,0,0,
Alex G,The Dare,6lcwlkAjBPSKnFBZjjZFJs,2mqiqsaX4LzFnUP7PmHGAb,,electroclash,,0,0.0,Alex G|||The Dare,0,0,
Alex G,Ecco2k,6lcwlkAjBPSKnFBZjjZFJs,6hG0VsXXlD10l60TqiIHIX,,cloud rap; hyperpop,,0,0.0,Alex G|||Ecco2k,0,0,
Alex G,BABii,6lcwlkAjBPSKnFBZjjZFJs,30qGwXnygZNCzxjN7QsIR0,,hyperpop,,0,0.0,Alex G|||BABii,0,0,
Alex G,2hollis,6lcwlkAjBPSKnFBZjjZFJs,72NhFAGG5Pt91VbheJeEPG,,electroclash; hyperpop,,0,0.0,2hollis|||Alex G,0,0,
Oklou,Dean Blunt,6fFcUOFcbjeIuEomuUthkw,5CFSYjc0PAiQvndFjafabk,art pop; hyperpop,,,0,0.0,Dean Blunt|||Oklou,0,0,
Oklou,King Krule,6fFcUOFcbjeIuEomuUthkw,4wyNyxs74Ux8UIDopNjIai,art pop; hyperpop,,,0,0.0,King Krule|||Oklou,0,0,
Oklou,A. G. Cook,6fFcUOFcbjeIuEomuUthkw,335TWGWGFan4vaacJzSiU8,art pop; hyperpop,hyperpop,hyperpop,1,0.5,A. G. Cook|||Oklou,1,4,fall - A. G. Cook Remix; galore - A. G. Cook Remix; Being Harsh; Being Harsh
Oklou,Nation,6fFcUOFcbjeIuEomuUthkw,03D2b6ATNCne8B3D251ncQ,art pop; hyperpop,electroclash; witch house,,0,0.0,Nation|||Oklou,0,0,
Oklou,The Dare,6fFcUOFcbjeIuEomuUthkw,2mqiqsaX4LzFnUP7PmHGAb,art pop; hyperpop,electroclash,,0,0.0,Oklou|||The Dare,0,0,
Oklou,Ecco2k,6fFcUOFcbjeIuEomuUthkw,6hG0VsXXlD10l60TqiIHIX,art pop; hyperpop,cloud rap; hyperpop,hyperpop,1,0.3333,Ecco2k|||Oklou,0,0,
Oklou,BABii,6fFcUOFcbjeIuEomuUthkw,30qGwXnygZNCzxjN7QsIR0,art pop; hyperpop,hyperpop,hyperpop,1,0.5,BABii|||Oklou,0,0,
Oklou,2hollis,6fFcUOFcbjeIuEomuUthkw,72NhFAGG5Pt91VbheJeEPG,art pop; hyperpop,electroclash; hyperpop,hyperpop,1,0.3333,2hollis|||Oklou,0,0,
Dean Blunt,King Krule,5CFSYjc0PAiQvndFjafabk,4wyNyxs74Ux8UIDopNjIai,,,,0,0.0,Dean Blunt|||King Krule,0,0,
Dean Blunt,A. G. Cook,5CFSYjc0PAiQvndFjafabk,335TWGWGFan4vaacJzSiU8,,hyperpop,,0,0.0,A. G. Cook|||Dean Blunt,0,0,
Dean Blunt,Nation,5CFSYjc0PAiQvndFjafabk,03D2b6ATNCne8B3D251ncQ,,electroclash; witch house,,0,0.0,Dean Blunt|||Nation,0,0,
Dean Blunt,The Dare,5CFSYjc0PAiQvndFjafabk,2mqiqsaX4LzFnUP7PmHGAb,,electroclash,,0,0.0,Dean Blunt|||The Dare,0,0,
Dean Blunt,Ecco2k,5CFSYjc0PAiQvndFjafabk,6hG0VsXXlD10l60TqiIHIX,,cloud rap; hyperpop,,0,0.0,Dean Blunt|||Ecco2k,0,0,
Dean Blunt,BABii,5CFSYjc0PAiQvndFjafabk,30qGwXnygZNCzxjN7QsIR0,,hyperpop,,0,0.0,BABii|||Dean Blunt,0,0,
Dean Blunt,2hollis,5CFSYjc0PAiQvndFjafabk,72NhFAGG5Pt91VbheJeEPG,,electroclash; hyperpop,,0,0.0,2hollis|||Dean Blunt,0,0,
King Krule,A. G. Cook,4wyNyxs74Ux8UIDopNjIai,335TWGWGFan4vaacJzSiU8,,hyperpop,,0,0.0,A. G. Cook|||King Krule,0,0,
King Krule,Nation,4wyNyxs74Ux8UIDopNjIai,03D2b6ATNCne8B3D251ncQ,,electroclash; witch house,,0,0.0,King Krule|||Nation,0,0,
King Krule,The Dare,4wyNyxs74Ux8UIDopNjIai,2mqiqsaX4LzFnUP7PmHGAb,,electroclash,,0,0.0,King Krule|||The Dare,0,0,
King Krule,Ecco2k,4wyNyxs74Ux8UIDopNjIai,6hG0VsXXlD10l60TqiIHIX,,cloud rap; hyperpop,,0,0.0,Ecco2k|||King Krule,0,0,
King Krule,BABii,4wyNyxs74Ux8UIDopNjIai,30qGwXnygZNCzxjN7QsIR0,,hyperpop,,0,0.0,BABii|||King Krule,0,0,
King Krule,2hollis,4wyNyxs74Ux8UIDopNjIai,72NhFAGG5Pt91VbheJeEPG,,electroclash; hyperpop,,0,0.0,2hollis|||King Krule,0,0,
A. G. Cook,Nation,335TWGWGFan4vaacJzSiU8,03D2b6ATNCne8B3D251ncQ,hyperpop,electroclash; witch house,,0,0.0,A. G. Cook|||Nation,0,0,
A. G. Cook,The Dare,335TWGWGFan4vaacJzSiU8,2mqiqsaX4LzFnUP7PmHGAb,hyperpop,electroclash,,0,0.0,A. G. Cook|||The Dare,0,0,
A. G. Cook,Ecco2k,335TWGWGFan4vaacJzSiU8,6hG0VsXXlD10l60TqiIHIX,hyperpop,cloud rap; hyperpop,hyperpop,1,0.5,A. G. Cook|||Ecco2k,0,0,
A. G. Cook,BABii,335TWGWGFan4vaacJzSiU8,30qGwXnygZNCzxjN7QsIR0,hyperpop,hyperpop,hyperpop,1,1.0,A. G. Cook|||BABii,0,0,
A. G. Cook,2hollis,335TWGWGFan4vaacJzSiU8,72NhFAGG5Pt91VbheJeEPG,hyperpop,electroclash; hyperpop,hyperpop,1,0.5,2hollis|||A. G. Cook,0,0,
Nation,The Dare,03D2b6ATNCne8B3D251ncQ,2mqiqsaX4LzFnUP7PmHGAb,electroclash; witch house,electroclash,electroclash,1,0.5,Nation|||The Dare,0,0,
Nation,Ecco2k,03D2b6ATNCne8B3D251ncQ,6hG0VsXXlD10l60TqiIHIX,electroclash; witch house,cloud rap; hyperpop,,0,0.0,Ecco2k|||Nation,1,3,Nobody's Fault; Touch; Ça Va
Nation,BABii,03D2b6ATNCne8B3D251ncQ,30qGwXnygZNCzxjN7QsIR0,electroclash; witch house,hyperpop,,0,0.0,BABii|||Nation,0,0,
Nation,2hollis,03D2b6ATNCne8B3D251ncQ,72NhFAGG5Pt91VbheJeEPG,electroclash; witch house,electroclash; hyperpop,electroclash,1,0.3333,2hollis|||Nation,0,0,
The Dare,Ecco2k,2mqiqsaX4LzFnUP7PmHGAb,6hG0VsXXlD10l60TqiIHIX,electroclash,cloud rap; hyperpop,,0,0.0,Ecco2k|||The Dare,0,0,
The Dare,BABii,2mqiqsaX4LzFnUP7PmHGAb,30qGwXnygZNCzxjN7QsIR0,electroclash,hyperpop,,0,0.0,BABii|||The Dare,0,0,
The Dare,2hollis,2mqiqsaX4LzFnUP7PmHGAb,72NhFAGG5Pt91VbheJeEPG,electroclash,electroclash; hyperpop,electroclash,1,0.5,2hollis|||The Dare,0,0,
Ecco2k,BABii,6hG0VsXXlD10l60TqiIHIX,30qGwXnygZNCzxjN7QsIR0,cloud rap; hyperpop,hyperpop,hyperpop,1,0.5,BABii|||Ecco2k,0,0,
Ecco2k,2hollis,6hG0VsXXlD10l60TqiIHIX,72NhFAGG5Pt91VbheJeEPG,cloud rap; hyperpop,electroclash; hyperpop,hyperpop,1,0.3333,2hollis|||Ecco2k,0,0,
BABii,2hollis,30qGwXnygZNCzxjN7QsIR0,72NhFAGG5Pt91VbheJeEPG,hyperpop,electroclash; hyperpop,hyperpop,1,0.5,2hollis|||BABii,0,0,
